/*******************************************************************************
 * Size: 16 px
 * Bpp: 8
 * Opts: --bpp 8 --size 16 --no-compress --stride 1 --align 1 --font YaHei.Consolas.1.12.ttf --symbols 水质数据设备开关折线图水质检测数据设备设备名称成员转到屏幕数据可视化屏幕返回主菜单数据按钮与开关按钮开关动态折线图智能环境监测系统夏浩然吴萧杨张生文张三李四王五年月日关于项目名称作者创建时间控制面板遥杆上下左右方向 --range 32-127 --format lvgl -o lv_font_weiruan_16.c
 ******************************************************************************/

#ifdef __has_include
    #if __has_include("lvgl.h")
        #ifndef LV_LVGL_H_INCLUDE_SIMPLE
            #define LV_LVGL_H_INCLUDE_SIMPLE
        #endif
    #endif
#endif

#ifdef LV_LVGL_H_INCLUDE_SIMPLE
    #include "lvgl.h"
#else
    #include "../../lvgl.h"
#endif



#ifndef LV_FONT_WEIRUAN_16
#define LV_FONT_WEIRUAN_16 1
#endif

#if LV_FONT_WEIRUAN_16

/*-----------------
 *    BITMAPS
 *----------------*/

/*Store the image of the glyphs*/
static LV_ATTRIBUTE_LARGE_CONST const uint8_t glyph_bitmap[] = {
    /* U+0020 " " */

    /* U+0021 "!" */
    0x6d, 0xff, 0x30, 0x65, 0xff, 0x29, 0x5d, 0xff,
    0x22, 0x55, 0xff, 0x1b, 0x4d, 0xff, 0x15, 0x46,
    0xff, 0xe, 0x3e, 0xff, 0x7, 0x26, 0xb4, 0x1,
    0x0, 0x5, 0x0, 0x75, 0xfa, 0x3c, 0x6b, 0xef,
    0x36,

    /* U+0022 "\"" */
    0xf4, 0xb7, 0x0, 0xe9, 0xbf, 0xe4, 0xa8, 0x0,
    0xd9, 0xb0, 0xd3, 0x99, 0x0, 0xca, 0xa1, 0x84,
    0x5e, 0x0, 0x7f, 0x64,

    /* U+0023 "#" */
    0x0, 0x0, 0x52, 0xd3, 0x0, 0x2a, 0xfa, 0x3,
    0x0, 0x0, 0x0, 0x73, 0xb3, 0x0, 0x4b, 0xd9,
    0x0, 0x0, 0x44, 0xff, 0xff, 0xff, 0xff, 0xff,
    0xff, 0xff, 0x78, 0x1, 0x4, 0xa9, 0x7f, 0x4,
    0x84, 0xa5, 0x4, 0x1, 0x0, 0x0, 0xbf, 0x67,
    0x0, 0x99, 0x8c, 0x0, 0x0, 0x0, 0x0, 0xd6,
    0x51, 0x0, 0xaf, 0x75, 0x0, 0x0, 0x98, 0xe8,
    0xfd, 0xee, 0xe8, 0xf9, 0xf1, 0xe8, 0xa, 0xf,
    0x22, 0xff, 0x31, 0x18, 0xe6, 0x55, 0x18, 0x1,
    0x0, 0x23, 0xfe, 0x6, 0x1, 0xfb, 0x2b, 0x0,
    0x0, 0x0, 0x3c, 0xec, 0x0, 0x17, 0xff, 0x11,
    0x0, 0x0,

    /* U+0024 "$" */
    0x0, 0x0, 0x0, 0x0, 0x34, 0x5d, 0x0, 0x0,
    0x0, 0x0, 0x0, 0x0, 0x80, 0xa1, 0x0, 0x0,
    0x0, 0xb, 0x87, 0xd9, 0xfc, 0xfb, 0xdb, 0x1a,
    0x0, 0xa8, 0xdf, 0x52, 0xd1, 0x7a, 0x55, 0x10,
    0x2, 0xf9, 0x74, 0x0, 0xe8, 0x3a, 0x0, 0x0,
    0x0, 0xd6, 0xce, 0x2b, 0xff, 0x19, 0x0, 0x0,
    0x0, 0x31, 0xdd, 0xfe, 0xfe, 0x46, 0x0, 0x0,
    0x0, 0x0, 0x6, 0x84, 0xfa, 0xff, 0xc2, 0x14,
    0x0, 0x0, 0x0, 0x71, 0xaf, 0x38, 0xec, 0xa3,
    0x0, 0x0, 0x0, 0x94, 0x8e, 0x0, 0xa9, 0xcd,
    0xe, 0x4f, 0x23, 0xba, 0x7e, 0x54, 0xf2, 0x78,
    0x17, 0xd3, 0xf4, 0xff, 0xf6, 0xd1, 0x6a, 0x0,
    0x0, 0x0, 0x2, 0xfa, 0x26, 0x0, 0x0, 0x0,
    0x0, 0x0, 0x1f, 0xfd, 0x6, 0x0, 0x0, 0x0,

    /* U+0025 "%" */
    0x1e, 0xc4, 0xe6, 0xb9, 0xb, 0x0, 0x12, 0xe9,
    0x4f, 0x98, 0x93, 0x2, 0xc9, 0x65, 0x0, 0xa3,
    0xa8, 0x0, 0x9f, 0xa0, 0x13, 0xd4, 0x5e, 0x4a,
    0xeb, 0x15, 0x0, 0x2a, 0xd2, 0xf4, 0xa9, 0x14,
    0xe3, 0x59, 0x0, 0x0, 0x0, 0x0, 0x0, 0x0,
    0x99, 0xb1, 0x0, 0x0, 0x0, 0x0, 0x0, 0x0,
    0x41, 0xee, 0x1a, 0x0, 0x0, 0x0, 0x0, 0x0,
    0xa, 0xdc, 0x6f, 0xb1, 0xf2, 0xab, 0x5, 0x0,
    0x0, 0x8f, 0xb9, 0x78, 0xbf, 0x15, 0xda, 0x5a,
    0x0, 0x38, 0xf0, 0x1f, 0xa3, 0x7e, 0x0, 0xa6,
    0x7a, 0x7, 0xd6, 0x6b, 0x0, 0x84, 0xa9, 0x4,
    0xd3, 0x4e, 0x84, 0xc2, 0x1, 0x0, 0x17, 0xc3,
    0xe6, 0x9a, 0x1,

    /* U+0026 "&" */
    0x0, 0x2, 0x89, 0xe6, 0xec, 0x97, 0x5, 0x0,
    0x0, 0x0, 0x65, 0xf6, 0x4c, 0x48, 0xf6, 0x6a,
    0x0, 0x0, 0x0, 0xa0, 0xc6, 0x0, 0x0, 0xcf,
    0x8e, 0x0, 0x0, 0x0, 0x81, 0xf0, 0x11, 0x38,
    0xfa, 0x4d, 0x0, 0x0, 0x0, 0x19, 0xf2, 0xcb,
    0xf5, 0x85, 0x0, 0x0, 0x0, 0x0, 0x36, 0xe5,
    0xff, 0x8f, 0x0, 0x21, 0x56, 0x0, 0x19, 0xf1,
    0x94, 0x97, 0xf9, 0x3a, 0x6b, 0xe8, 0x0, 0x71,
    0xf2, 0x7, 0x5, 0xc3, 0xe6, 0xaf, 0xc3, 0x0,
    0x7c, 0xed, 0x1, 0x0, 0x17, 0xe4, 0xff, 0x6a,
    0x0, 0x34, 0xfd, 0x8a, 0x1c, 0x38, 0xcd, 0xff,
    0x9a, 0x0, 0x0, 0x56, 0xd3, 0xf6, 0xde, 0x8e,
    0x76, 0xff, 0x66,

    /* U+0027 "'" */
    0x75, 0xff, 0x43, 0x65, 0xff, 0x34, 0x56, 0xff,
    0x25, 0x31, 0xac, 0x10,

    /* U+0028 "(" */
    0x0, 0x0, 0x0, 0x39, 0x31, 0x0, 0x0, 0x2b,
    0xf1, 0x72, 0x0, 0xa, 0xda, 0x9e, 0x0, 0x0,
    0x84, 0xe9, 0xe, 0x0, 0x6, 0xf0, 0x71, 0x0,
    0x0, 0x4d, 0xfd, 0x1a, 0x0, 0x0, 0x84, 0xde,
    0x0, 0x0, 0x0, 0x9e, 0xc4, 0x0, 0x0, 0x0,
    0x97, 0xcf, 0x0, 0x0, 0x0, 0x79, 0xee, 0x1,
    0x0, 0x0, 0x36, 0xff, 0x3b, 0x0, 0x0, 0x0,
    0xd6, 0xa1, 0x0, 0x0, 0x0, 0x4b, 0xfe, 0x35,
    0x0, 0x0, 0x0, 0xa4, 0xdc, 0x14, 0x0, 0x0,
    0x7, 0xbd, 0x87, 0x0, 0x0, 0x0, 0xc, 0x6,

    /* U+0029 ")" */
    0x4a, 0x1d, 0x0, 0x0, 0x0, 0xaa, 0xd6, 0x13,
    0x0, 0x0, 0xa, 0xcd, 0xb3, 0x0, 0x0, 0x0,
    0x32, 0xfd, 0x51, 0x0, 0x0, 0x0, 0xa8, 0xc6,
    0x0, 0x0, 0x0, 0x51, 0xff, 0x1f, 0x0, 0x0,
    0x15, 0xff, 0x4e, 0x0, 0x0, 0x1, 0xf9, 0x6a,
    0x0, 0x0, 0x3, 0xfd, 0x61, 0x0, 0x0, 0x20,
    0xff, 0x42, 0x0, 0x0, 0x69, 0xf1, 0x6, 0x0,
    0x1, 0xcb, 0x9d, 0x0, 0x0, 0x60, 0xf7, 0x22,
    0x0, 0x2c, 0xf1, 0x6e, 0x0, 0x0, 0xbc, 0x97,
    0x0, 0x0, 0x0, 0x12, 0x1, 0x0, 0x0, 0x0,

    /* U+002A "*" */
    0x0, 0x0, 0x20, 0xed, 0x0, 0x0, 0x0, 0x51,
    0x58, 0xe, 0xda, 0x4, 0x7c, 0x2d, 0x35, 0xba,
    0xae, 0xdf, 0xcb, 0xa9, 0x23, 0x0, 0x1d, 0xc3,
    0xff, 0xa2, 0xf, 0x0, 0x6a, 0xdf, 0x53, 0xd3,
    0x71, 0xe6, 0x40, 0x20, 0xf, 0x15, 0xe3, 0x0,
    0x24, 0xb, 0x0, 0x0, 0x16, 0x9b, 0x0, 0x0,
    0x0,

    /* U+002B "+" */
    0x0, 0x0, 0x0, 0x44, 0xff, 0x14, 0x0, 0x0,
    0x0, 0x0, 0x0, 0x0, 0x44, 0xff, 0x14, 0x0,
    0x0, 0x0, 0x0, 0x0, 0x0, 0x44, 0xff, 0x14,
    0x0, 0x0, 0x0, 0x58, 0xff, 0xff, 0xff, 0xff,
    0xff, 0xff, 0xff, 0x24, 0x10, 0x30, 0x30, 0x67,
    0xff, 0x40, 0x30, 0x30, 0x6, 0x0, 0x0, 0x0,
    0x44, 0xff, 0x14, 0x0, 0x0, 0x0, 0x0, 0x0,
    0x0, 0x44, 0xff, 0x14, 0x0, 0x0, 0x0, 0x0,
    0x0, 0x0, 0x25, 0x8c, 0xa, 0x0, 0x0, 0x0,

    /* U+002C "," */
    0x0, 0x0, 0x7d, 0xcb, 0x29, 0x0, 0x0, 0xac,
    0xff, 0x91, 0x0, 0x0, 0x2c, 0xff, 0x85, 0x0,
    0x7, 0x7e, 0xf8, 0x2a, 0x21, 0xfc, 0xd1, 0x41,
    0x0, 0x4, 0x12, 0x0, 0x0, 0x0,

    /* U+002D "-" */
    0xb, 0xc, 0xc, 0xc, 0x8, 0xf0, 0xff, 0xff,
    0xff, 0xbc, 0x38, 0x3c, 0x3c, 0x3c, 0x2c,

    /* U+002E "." */
    0x40, 0x8b, 0x17, 0xe3, 0xff, 0x91, 0x97, 0xf1,
    0x4c,

    /* U+002F "/" */
    0x0, 0x0, 0x0, 0x0, 0x0, 0x0, 0x12, 0xe9,
    0x4f, 0x0, 0x0, 0x0, 0x0, 0x0, 0x0, 0xa3,
    0xa8, 0x0, 0x0, 0x0, 0x0, 0x0, 0x0, 0x4a,
    0xeb, 0x15, 0x0, 0x0, 0x0, 0x0, 0x0, 0xe,
    0xe3, 0x59, 0x0, 0x0, 0x0, 0x0, 0x0, 0x0,
    0x99, 0xb1, 0x0, 0x0, 0x0, 0x0, 0x0, 0x0,
    0x41, 0xee, 0x1a, 0x0, 0x0, 0x0, 0x0, 0x0,
    0xa, 0xdc, 0x62, 0x0, 0x0, 0x0, 0x0, 0x0,
    0x0, 0x8f, 0xb9, 0x0, 0x0, 0x0, 0x0, 0x0,
    0x0, 0x38, 0xf0, 0x1f, 0x0, 0x0, 0x0, 0x0,
    0x0, 0x7, 0xd6, 0x6b, 0x0, 0x0, 0x0, 0x0,
    0x0, 0x0, 0x84, 0xc2, 0x1, 0x0, 0x0, 0x0,
    0x0, 0x0, 0x0,

    /* U+0030 "0" */
    0x0, 0x0, 0x67, 0xda, 0xf9, 0xd7, 0x59, 0x0,
    0x0, 0x0, 0x66, 0xfc, 0x79, 0x39, 0x90, 0xfe,
    0x49, 0x0, 0x2, 0xe6, 0x87, 0x0, 0x0, 0x0,
    0xc4, 0xbe, 0x0, 0x24, 0xff, 0x35, 0x0, 0x1,
    0x75, 0xfa, 0xf7, 0x3, 0x41, 0xff, 0x16, 0x15,
    0xb6, 0xd9, 0x80, 0xff, 0x14, 0x4a, 0xff, 0x51,
    0xe4, 0x97, 0xa, 0x50, 0xff, 0xc, 0x32, 0xff,
    0xe6, 0x49, 0x0, 0x0, 0x6e, 0xef, 0x0, 0x6,
    0xf0, 0x8a, 0x0, 0x0, 0x0, 0xc3, 0xb7, 0x0,
    0x0, 0x7f, 0xf9, 0x6c, 0x3a, 0x97, 0xfb, 0x39,
    0x0, 0x0, 0x2, 0x7e, 0xe4, 0xf9, 0xce, 0x47,
    0x0, 0x0,

    /* U+0031 "1" */
    0x0, 0x1b, 0x95, 0xf9, 0x84, 0x0, 0x0, 0x84,
    0xf8, 0xc3, 0xff, 0x84, 0x0, 0x0, 0x6d, 0x4a,
    0x0, 0xff, 0x84, 0x0, 0x0, 0x0, 0x0, 0x0,
    0xff, 0x84, 0x0, 0x0, 0x0, 0x0, 0x0, 0xff,
    0x84, 0x0, 0x0, 0x0, 0x0, 0x0, 0xff, 0x84,
    0x0, 0x0, 0x0, 0x0, 0x0, 0xff, 0x84, 0x0,
    0x0, 0x0, 0x0, 0x0, 0xff, 0x84, 0x0, 0x0,
    0x2a, 0x44, 0x44, 0xff, 0xa4, 0x44, 0x36, 0xa0,
    0xff, 0xff, 0xff, 0xff, 0xff, 0xcc,

    /* U+0032 "2" */
    0xa, 0x91, 0xe8, 0xf3, 0xbf, 0x33, 0x0, 0x8b,
    0xc6, 0x4d, 0x47, 0xcc, 0xe9, 0xe, 0x7, 0x4,
    0x0, 0x0, 0x3d, 0xff, 0x41, 0x0, 0x0, 0x0,
    0x0, 0x36, 0xff, 0x3b, 0x0, 0x0, 0x0, 0x0,
    0xa1, 0xdc, 0x4, 0x0, 0x0, 0x0, 0x70, 0xf7,
    0x36, 0x0, 0x0, 0x0, 0x70, 0xf6, 0x46, 0x0,
    0x0, 0x0, 0x7d, 0xf2, 0x40, 0x0, 0x0, 0x0,
    0x85, 0xff, 0x82, 0x4c, 0x4c, 0x4c, 0x42, 0xd8,
    0xff, 0xff, 0xff, 0xff, 0xff, 0xe0,

    /* U+0033 "3" */
    0x49, 0xd7, 0xf9, 0xec, 0xba, 0x37, 0x0, 0x36,
    0x56, 0x38, 0x46, 0xc0, 0xf0, 0x7, 0x0, 0x0,
    0x0, 0x0, 0x4a, 0xff, 0x23, 0x0, 0x0, 0x0,
    0x16, 0xb1, 0xc0, 0x1, 0x0, 0x72, 0xf5, 0xff,
    0xe6, 0x32, 0x0, 0x0, 0x10, 0x25, 0x3c, 0x9e,
    0xf8, 0x38, 0x0, 0x0, 0x0, 0x0, 0x0, 0xd4,
    0x9d, 0x0, 0x0, 0x0, 0x0, 0x3, 0xe0, 0x90,
    0x3b, 0x3a, 0x34, 0x4d, 0xb3, 0xef, 0x24, 0xa6,
    0xf9, 0xfb, 0xe4, 0xa1, 0x24, 0x0,

    /* U+0034 "4" */
    0x0, 0x0, 0x0, 0x0, 0xa0, 0xff, 0xa4, 0x0,
    0x0, 0x0, 0x0, 0x0, 0x3f, 0xfa, 0xe3, 0xa4,
    0x0, 0x0, 0x0, 0x0, 0x6, 0xd6, 0x87, 0xc0,
    0xa4, 0x0, 0x0, 0x0, 0x0, 0x7c, 0xdd, 0x9,
    0xc0, 0xa4, 0x0, 0x0, 0x0, 0x23, 0xf7, 0x46,
    0x0, 0xc0, 0xa4, 0x0, 0x0, 0x0, 0xb9, 0xa4,
    0x0, 0x0, 0xc0, 0xa4, 0x0, 0x0, 0x59, 0xee,
    0x16, 0x0, 0x0, 0xc0, 0xa4, 0x0, 0x0, 0xa8,
    0xff, 0xff, 0xff, 0xff, 0xff, 0xff, 0xff, 0x64,
    0x1f, 0x30, 0x30, 0x30, 0x30, 0xcc, 0xb5, 0x30,
    0x12, 0x0, 0x0, 0x0, 0x0, 0x0, 0xc0, 0xa4,
    0x0, 0x0,

    /* U+0035 "5" */
    0x6c, 0xff, 0xff, 0xff, 0xff, 0xff, 0x14, 0x6c,
    0xe2, 0x30, 0x30, 0x30, 0x30, 0x3, 0x6c, 0xdc,
    0x0, 0x0, 0x0, 0x0, 0x0, 0x6c, 0xdc, 0x0,
    0x0, 0x0, 0x0, 0x0, 0x6c, 0xff, 0xfb, 0xea,
    0xbb, 0x47, 0x0, 0x12, 0x2c, 0x2e, 0x47, 0xac,
    0xfc, 0x43, 0x0, 0x0, 0x0, 0x0, 0x1, 0xed,
    0x96, 0x0, 0x0, 0x0, 0x0, 0xf, 0xf7, 0x7e,
    0x33, 0x3b, 0x35, 0x55, 0xcb, 0xd9, 0x13, 0x8c,
    0xfb, 0xf8, 0xd7, 0x8a, 0x15, 0x0,

    /* U+0036 "6" */
    0x0, 0x0, 0x5, 0x6a, 0xc6, 0xea, 0xff, 0x34,
    0x0, 0x4, 0xb8, 0xef, 0x7c, 0x48, 0x30, 0x9,
    0x0, 0x67, 0xf4, 0x25, 0x0, 0x0, 0x0, 0x0,
    0x0, 0xc4, 0x9a, 0x0, 0x0, 0x0, 0x0, 0x0,
    0x0, 0xf4, 0xae, 0xbe, 0xe6, 0xdb, 0x92, 0xe,
    0x4, 0xff, 0xc0, 0x50, 0x2a, 0x56, 0xea, 0xa0,
    0x0, 0xfa, 0x6a, 0x0, 0x0, 0x0, 0x7f, 0xed,
    0x0, 0xd0, 0xa1, 0x0, 0x0, 0x0, 0x8a, 0xdf,
    0x0, 0x68, 0xf8, 0x68, 0x2a, 0x5b, 0xf3, 0x75,
    0x0, 0x0, 0x76, 0xe1, 0xf7, 0xd3, 0x68, 0x1,

    /* U+0037 "7" */
    0x14, 0xff, 0xff, 0xff, 0xff, 0xff, 0xff, 0xd4,
    0x5, 0x44, 0x44, 0x44, 0x44, 0x44, 0xd1, 0xb1,
    0x0, 0x0, 0x0, 0x0, 0x0, 0x32, 0xfe, 0x38,
    0x0, 0x0, 0x0, 0x0, 0x0, 0xb4, 0xbb, 0x0,
    0x0, 0x0, 0x0, 0x0, 0x36, 0xff, 0x3d, 0x0,
    0x0, 0x0, 0x0, 0x0, 0xb9, 0xc0, 0x0, 0x0,
    0x0, 0x0, 0x0, 0x3b, 0xff, 0x42, 0x0, 0x0,
    0x0, 0x0, 0x0, 0xbe, 0xc5, 0x0, 0x0, 0x0,
    0x0, 0x0, 0x40, 0xff, 0x47, 0x0, 0x0, 0x0,
    0x0, 0x0, 0xc2, 0xca, 0x0, 0x0, 0x0, 0x0,

    /* U+0038 "8" */
    0x0, 0x7, 0x85, 0xdb, 0xf7, 0xdd, 0x84, 0x3,
    0x0, 0x8c, 0xe3, 0x4a, 0x2a, 0x5e, 0xf7, 0x72,
    0x0, 0xcc, 0x9a, 0x0, 0x0, 0x0, 0xca, 0x9b,
    0x0, 0x8a, 0xf2, 0x4c, 0x0, 0x59, 0xfb, 0x47,
    0x0, 0x4, 0x8a, 0xff, 0xe6, 0xf6, 0x4e, 0x0,
    0x0, 0x1b, 0xc6, 0xdb, 0x96, 0xf6, 0xc2, 0x14,
    0x0, 0xc6, 0xc6, 0xa, 0x0, 0x28, 0xeb, 0xa2,
    0x5, 0xfe, 0x75, 0x0, 0x0, 0x0, 0xa6, 0xd6,
    0x0, 0xcc, 0xde, 0x50, 0x32, 0x62, 0xf1, 0x8f,
    0x0, 0x1f, 0xa8, 0xe7, 0xf7, 0xd8, 0x7b, 0x3,

    /* U+0039 "9" */
    0x0, 0x8, 0x83, 0xdb, 0xf2, 0xc5, 0x44, 0x0,
    0x0, 0xa2, 0xe1, 0x4c, 0x2e, 0x92, 0xf8, 0x28,
    0x13, 0xff, 0x5b, 0x0, 0x0, 0x0, 0xd8, 0x8f,
    0x2a, 0xff, 0x45, 0x0, 0x0, 0x0, 0xa3, 0xc1,
    0x6, 0xe6, 0xb3, 0x12, 0x1, 0x31, 0xc9, 0xcf,
    0x0, 0x3a, 0xda, 0xff, 0xfa, 0xde, 0xd7, 0xc2,
    0x0, 0x0, 0x0, 0x13, 0x11, 0x0, 0xc9, 0x96,
    0x0, 0x0, 0x0, 0x0, 0x0, 0x46, 0xfd, 0x3a,
    0x0, 0x1c, 0x32, 0x46, 0x92, 0xf7, 0x8b, 0x0,
    0x0, 0x98, 0xfb, 0xe8, 0xb5, 0x4f, 0x0, 0x0,

    /* U+003A ":" */
    0x77, 0xee, 0x4a, 0xb4, 0xff, 0x81, 0x18, 0x59,
    0x8, 0x0, 0x0, 0x0, 0x0, 0x0, 0x0, 0x15,
    0x56, 0x6, 0xb3, 0xff, 0x7f, 0x7c, 0xf1, 0x4d,

    /* U+003B ";" */
    0x0, 0x0, 0x77, 0xee, 0x4a, 0x0, 0x0, 0xb4,
    0xff, 0x81, 0x0, 0x0, 0x18, 0x59, 0x8, 0x0,
    0x0, 0x0, 0x0, 0x0, 0x0, 0x0, 0x0, 0x0,
    0x0, 0x0, 0x0, 0x10, 0x41, 0x1, 0x0, 0x0,
    0xa3, 0xff, 0x75, 0x0, 0x0, 0x73, 0xff, 0xb1,
    0x0, 0x0, 0xb, 0xff, 0x91, 0x0, 0x6, 0x78,
    0xf9, 0x29, 0xb, 0xfc, 0xd6, 0x40, 0x0, 0x1,
    0x14, 0x0, 0x0, 0x0,

    /* U+003C "<" */
    0x0, 0x0, 0x0, 0x0, 0x16, 0x60, 0x0, 0x0,
    0x0, 0x0, 0x2d, 0xe0, 0xc0, 0x7, 0x0, 0x0,
    0x4d, 0xf2, 0x98, 0x5, 0x0, 0x0, 0x74, 0xf9,
    0x6b, 0x0, 0x0, 0x0, 0x8e, 0xfe, 0x49, 0x0,
    0x0, 0x0, 0x0, 0x27, 0xda, 0xc4, 0x16, 0x0,
    0x0, 0x0, 0x0, 0x12, 0xbe, 0xe0, 0x2d, 0x0,
    0x0, 0x0, 0x0, 0x4, 0x99, 0xf3, 0x4d, 0x0,
    0x0, 0x0, 0x0, 0x0, 0x6f, 0xd2, 0x6, 0x0,
    0x0, 0x0, 0x0, 0x0, 0x4, 0x0,

    /* U+003D "=" */
    0xec, 0xf8, 0xf8, 0xf8, 0xf8, 0xf8, 0xbd, 0x26,
    0x28, 0x28, 0x28, 0x28, 0x28, 0x1e, 0x0, 0x0,
    0x0, 0x0, 0x0, 0x0, 0x0, 0xf0, 0xfc, 0xfc,
    0xfc, 0xfc, 0xfc, 0xc0, 0x29, 0x2c, 0x2c, 0x2c,
    0x2c, 0x2c, 0x21,

    /* U+003E ">" */
    0x2, 0x6c, 0x7, 0x0, 0x0, 0x0, 0x0, 0x1c,
    0xdc, 0xc6, 0x16, 0x0, 0x0, 0x0, 0x0, 0x12,
    0xbf, 0xe1, 0x2e, 0x0, 0x0, 0x0, 0x0, 0x5,
    0x98, 0xf3, 0x4e, 0x0, 0x0, 0x0, 0x0, 0x0,
    0x7c, 0xfd, 0x60, 0x0, 0x0, 0x0, 0x28, 0xdb,
    0xbf, 0x12, 0x0, 0x0, 0x48, 0xf0, 0x9a, 0x5,
    0x0, 0x0, 0x71, 0xf9, 0x71, 0x0, 0x0, 0x0,
    0x1e, 0xe0, 0x49, 0x0, 0x0, 0x0, 0x0, 0x0,
    0x4, 0x0, 0x0, 0x0, 0x0, 0x0,

    /* U+003F "?" */
    0x9d, 0xe6, 0xac, 0x3a, 0x0, 0x0, 0x26, 0x57,
    0xb1, 0xfd, 0x5b, 0x0, 0x0, 0x0, 0x0, 0xa2,
    0xee, 0x8, 0x0, 0x0, 0x0, 0x52, 0xff, 0x29,
    0x0, 0x0, 0x2, 0x94, 0xf7, 0xc, 0x0, 0xc7,
    0xf8, 0xee, 0x5d, 0x0, 0x0, 0xd0, 0x7e, 0x1,
    0x0, 0x0, 0x0, 0xbb, 0x65, 0x0, 0x0, 0x0,
    0x0, 0x4, 0x0, 0x0, 0x0, 0x0, 0x17, 0xef,
    0xa3, 0x0, 0x0, 0x0, 0x14, 0xe4, 0x97, 0x0,
    0x0, 0x0,

    /* U+0040 "@" */
    0x0, 0x0, 0xb, 0x91, 0xeb, 0xf1, 0xb0, 0x1c,
    0x0, 0x0, 0x9, 0xcd, 0x9e, 0xf, 0x9, 0x8c,
    0xd2, 0x3, 0x0, 0x91, 0xb3, 0x0, 0x0, 0x0,
    0x1, 0xe1, 0x4c, 0x14, 0xf5, 0x23, 0x57, 0xd3,
    0xca, 0x8a, 0x96, 0x88, 0x66, 0xbe, 0x24, 0xf4,
    0x40, 0xcd, 0x82, 0x7a, 0xa5, 0xa4, 0x7f, 0x80,
    0xb5, 0x0, 0xde, 0x5c, 0x6b, 0xac, 0xcc, 0x51,
    0xb4, 0x85, 0x5, 0xfc, 0x37, 0x73, 0xa1, 0xdf,
    0x3c, 0xc7, 0x72, 0x26, 0xff, 0x14, 0x97, 0x7f,
    0xe8, 0x33, 0xb9, 0x82, 0x7a, 0xff, 0x16, 0xe0,
    0x39, 0xd9, 0x42, 0x5f, 0xf9, 0xbb, 0xae, 0xf8,
    0x9b, 0x0, 0xb4, 0x6d, 0x0, 0xb, 0x1, 0x1,
    0xe, 0x0, 0x0, 0x6f, 0xc6, 0x0, 0x0, 0x0,
    0x0, 0x0, 0x0, 0x0, 0xd, 0xe3, 0x8d, 0xc,
    0x5, 0x31, 0x51, 0x0, 0x0, 0x0, 0x25, 0xb4,
    0xf1, 0xf0, 0xca, 0x52, 0x0, 0x0,

    /* U+0041 "A" */
    0x0, 0x0, 0x0, 0xb4, 0xff, 0x8a, 0x0, 0x0,
    0x0, 0x0, 0x0, 0x10, 0xf9, 0xdc, 0xdf, 0x0,
    0x0, 0x0, 0x0, 0x0, 0x61, 0xf7, 0x50, 0xff,
    0x35, 0x0, 0x0, 0x0, 0x0, 0xb8, 0xb5, 0x5,
    0xf1, 0x8b, 0x0, 0x0, 0x0, 0x13, 0xfb, 0x66,
    0x0, 0xaa, 0xe0, 0x0, 0x0, 0x0, 0x66, 0xfe,
    0x19, 0x0, 0x5c, 0xff, 0x36, 0x0, 0x0, 0xbc,
    0xcb, 0x4, 0x4, 0x16, 0xfc, 0x8c, 0x0, 0x16,
    0xfc, 0xff, 0xff, 0xff, 0xff, 0xff, 0xe0, 0x0,
    0x6a, 0xfe, 0x48, 0x34, 0x34, 0x34, 0x7a, 0xff,
    0x37, 0xc1, 0xbb, 0x0, 0x0, 0x0, 0x0, 0xb,
    0xf2, 0x8d,

    /* U+0042 "B" */
    0xc4, 0xff, 0xff, 0xf7, 0xd9, 0x7b, 0x1, 0xc4,
    0xb0, 0x2c, 0x38, 0x82, 0xff, 0x5f, 0xc4, 0xa0,
    0x0, 0x0, 0x0, 0xed, 0x88, 0xc4, 0xa0, 0x0,
    0xa, 0x68, 0xf9, 0x38, 0xc4, 0xfe, 0xfc, 0xff,
    0xfe, 0x7c, 0x0, 0xc4, 0xb0, 0x2c, 0x3a, 0x83,
    0xfd, 0x7b, 0xc4, 0xa0, 0x0, 0x0, 0x0, 0xa5,
    0xdd, 0xc4, 0xa0, 0x0, 0x0, 0x0, 0xa5, 0xda,
    0xc4, 0xb0, 0x2c, 0x37, 0x76, 0xfb, 0x66, 0xc4,
    0xff, 0xff, 0xee, 0xc5, 0x57, 0x0,

    /* U+0043 "C" */
    0x0, 0x0, 0x24, 0xa7, 0xeb, 0xf8, 0xde, 0x7e,
    0x0, 0x29, 0xee, 0xd8, 0x5c, 0x44, 0x65, 0x88,
    0x0, 0xbe, 0xe0, 0xc, 0x0, 0x0, 0x0, 0x0,
    0x16, 0xff, 0x70, 0x0, 0x0, 0x0, 0x0, 0x0,
    0x3e, 0xff, 0x44, 0x0, 0x0, 0x0, 0x0, 0x0,
    0x41, 0xff, 0x43, 0x0, 0x0, 0x0, 0x0, 0x0,
    0x26, 0xff, 0x69, 0x0, 0x0, 0x0, 0x0, 0x0,
    0x1, 0xde, 0xd4, 0x6, 0x0, 0x0, 0x0, 0x0,
    0x0, 0x51, 0xfd, 0xcf, 0x65, 0x48, 0x65, 0x84,
    0x0, 0x0, 0x43, 0xbc, 0xf2, 0xf8, 0xd9, 0x79,

    /* U+0044 "D" */
    0x24, 0xff, 0xff, 0xfd, 0xea, 0xb1, 0x38, 0x0,
    0x0, 0x24, 0xff, 0x61, 0x31, 0x52, 0xc0, 0xfb,
    0x46, 0x0, 0x24, 0xff, 0x40, 0x0, 0x0, 0x1,
    0xc1, 0xd3, 0x0, 0x24, 0xff, 0x40, 0x0, 0x0,
    0x0, 0x62, 0xff, 0x1a, 0x24, 0xff, 0x40, 0x0,
    0x0, 0x0, 0x42, 0xff, 0x35, 0x24, 0xff, 0x40,
    0x0, 0x0, 0x0, 0x4e, 0xff, 0x2d, 0x24, 0xff,
    0x40, 0x0, 0x0, 0x0, 0x75, 0xfb, 0xd, 0x24,
    0xff, 0x40, 0x0, 0x0, 0xb, 0xe2, 0xb4, 0x0,
    0x24, 0xff, 0x67, 0x3e, 0x66, 0xdb, 0xe7, 0x24,
    0x0, 0x24, 0xff, 0xff, 0xf4, 0xd9, 0x8e, 0x1a,
    0x0, 0x0,

    /* U+0045 "E" */
    0x6c, 0xff, 0xff, 0xff, 0xff, 0xff, 0x60, 0x6c,
    0xf9, 0x2c, 0x2c, 0x2c, 0x2c, 0x10, 0x6c, 0xf8,
    0x0, 0x0, 0x0, 0x0, 0x0, 0x6c, 0xf8, 0x0,
    0x0, 0x0, 0x0, 0x0, 0x6c, 0xff, 0xfc, 0xfc,
    0xfc, 0xfc, 0x33, 0x6c, 0xf9, 0x2c, 0x2c, 0x2c,
    0x2c, 0x8, 0x6c, 0xf8, 0x0, 0x0, 0x0, 0x0,
    0x0, 0x6c, 0xf8, 0x0, 0x0, 0x0, 0x0, 0x0,
    0x6c, 0xf9, 0x30, 0x30, 0x30, 0x30, 0x12, 0x6c,
    0xff, 0xff, 0xff, 0xff, 0xff, 0x60,

    /* U+0046 "F" */
    0x64, 0xff, 0xff, 0xff, 0xff, 0xff, 0x5c, 0x64,
    0xff, 0x36, 0x30, 0x30, 0x30, 0x11, 0x64, 0xff,
    0x8, 0x0, 0x0, 0x0, 0x0, 0x64, 0xff, 0x8,
    0x0, 0x0, 0x0, 0x0, 0x64, 0xff, 0xfc, 0xfc,
    0xfc, 0xfc, 0x23, 0x64, 0xff, 0x32, 0x2c, 0x2c,
    0x2c, 0x6, 0x64, 0xff, 0x8, 0x0, 0x0, 0x0,
    0x0, 0x64, 0xff, 0x8, 0x0, 0x0, 0x0, 0x0,
    0x64, 0xff, 0x8, 0x0, 0x0, 0x0, 0x0, 0x64,
    0xff, 0x8, 0x0, 0x0, 0x0, 0x0,

    /* U+0047 "G" */
    0x0, 0x0, 0x2c, 0xa7, 0xe9, 0xf9, 0xe0, 0x8b,
    0x0, 0x43, 0xf6, 0xcf, 0x5e, 0x47, 0x61, 0x8a,
    0x6, 0xe3, 0xc1, 0x6, 0x0, 0x0, 0x0, 0x0,
    0x47, 0xff, 0x3f, 0x0, 0x0, 0x0, 0x0, 0x0,
    0x70, 0xff, 0xc, 0x0, 0x87, 0xf8, 0xf8, 0xe0,
    0x75, 0xfe, 0x7, 0x0, 0x15, 0x28, 0x8d, 0xe8,
    0x57, 0xff, 0x2c, 0x0, 0x0, 0x0, 0x78, 0xe8,
    0x14, 0xf6, 0xa0, 0x0, 0x0, 0x0, 0x78, 0xe8,
    0x0, 0x72, 0xff, 0xb3, 0x5f, 0x43, 0xa9, 0xe8,
    0x0, 0x0, 0x54, 0xc5, 0xf4, 0xfa, 0xd5, 0x81,

    /* U+0048 "H" */
    0x20, 0xff, 0x44, 0x0, 0x0, 0x0, 0x74, 0xf0,
    0x20, 0xff, 0x44, 0x0, 0x0, 0x0, 0x74, 0xf0,
    0x20, 0xff, 0x44, 0x0, 0x0, 0x0, 0x74, 0xf0,
    0x20, 0xff, 0x44, 0x0, 0x0, 0x0, 0x74, 0xf0,
    0x20, 0xff, 0xff, 0xff, 0xff, 0xff, 0xff, 0xf0,
    0x20, 0xff, 0x67, 0x30, 0x30, 0x30, 0x8e, 0xf0,
    0x20, 0xff, 0x44, 0x0, 0x0, 0x0, 0x74, 0xf0,
    0x20, 0xff, 0x44, 0x0, 0x0, 0x0, 0x74, 0xf0,
    0x20, 0xff, 0x44, 0x0, 0x0, 0x0, 0x74, 0xf0,
    0x20, 0xff, 0x44, 0x0, 0x0, 0x0, 0x74, 0xf0,

    /* U+0049 "I" */
    0xa8, 0xff, 0xff, 0xff, 0xff, 0xff, 0x74, 0x1c,
    0x2c, 0x6a, 0xff, 0x43, 0x2c, 0x13, 0x0, 0x0,
    0x4c, 0xff, 0x1c, 0x0, 0x0, 0x0, 0x0, 0x4c,
    0xff, 0x1c, 0x0, 0x0, 0x0, 0x0, 0x4c, 0xff,
    0x1c, 0x0, 0x0, 0x0, 0x0, 0x4c, 0xff, 0x1c,
    0x0, 0x0, 0x0, 0x0, 0x4c, 0xff, 0x1c, 0x0,
    0x0, 0x0, 0x0, 0x4c, 0xff, 0x1c, 0x0, 0x0,
    0x1f, 0x30, 0x6d, 0xff, 0x46, 0x30, 0x15, 0xa8,
    0xff, 0xff, 0xff, 0xff, 0xff, 0x74,

    /* U+004A "J" */
    0x70, 0xff, 0xff, 0xff, 0xff, 0xdc, 0x16, 0x34,
    0x34, 0x34, 0xa6, 0xdc, 0x0, 0x0, 0x0, 0x0,
    0x90, 0xdc, 0x0, 0x0, 0x0, 0x0, 0x90, 0xdc,
    0x0, 0x0, 0x0, 0x0, 0x90, 0xdc, 0x0, 0x0,
    0x0, 0x0, 0x90, 0xdc, 0x0, 0x0, 0x0, 0x0,
    0x90, 0xdb, 0x0, 0x0, 0x0, 0x0, 0xad, 0xc0,
    0x75, 0x72, 0x43, 0x6f, 0xfb, 0x67, 0x54, 0xd9,
    0xfa, 0xda, 0x74, 0x2,

    /* U+004B "K" */
    0xc8, 0x9c, 0x0, 0x0, 0x1f, 0xeb, 0x92, 0x0,
    0xc8, 0x9c, 0x0, 0xa, 0xcf, 0xb6, 0x3, 0x0,
    0xc8, 0x9c, 0x0, 0xa8, 0xd3, 0xd, 0x0, 0x0,
    0xc8, 0x9c, 0x78, 0xe8, 0x1f, 0x0, 0x0, 0x0,
    0xc8, 0xd7, 0xfd, 0x3b, 0x0, 0x0, 0x0, 0x0,
    0xc8, 0xbe, 0xef, 0x92, 0x0, 0x0, 0x0, 0x0,
    0xc8, 0x9c, 0x4c, 0xfe, 0x5f, 0x0, 0x0, 0x0,
    0xc8, 0x9c, 0x0, 0x84, 0xf7, 0x35, 0x0, 0x0,
    0xc8, 0x9c, 0x0, 0x2, 0xb9, 0xe3, 0x17, 0x0,
    0xc8, 0x9c, 0x0, 0x0, 0x13, 0xe0, 0xc3, 0x5,

    /* U+004C "L" */
    0x2c, 0xff, 0x3c, 0x0, 0x0, 0x0, 0x0, 0x2c,
    0xff, 0x3c, 0x0, 0x0, 0x0, 0x0, 0x2c, 0xff,
    0x3c, 0x0, 0x0, 0x0, 0x0, 0x2c, 0xff, 0x3c,
    0x0, 0x0, 0x0, 0x0, 0x2c, 0xff, 0x3c, 0x0,
    0x0, 0x0, 0x0, 0x2c, 0xff, 0x3c, 0x0, 0x0,
    0x0, 0x0, 0x2c, 0xff, 0x3c, 0x0, 0x0, 0x0,
    0x0, 0x2c, 0xff, 0x3c, 0x0, 0x0, 0x0, 0x0,
    0x2c, 0xff, 0x60, 0x30, 0x30, 0x30, 0x21, 0x2c,
    0xff, 0xff, 0xff, 0xff, 0xff, 0xb4,

    /* U+004D "M" */
    0x23, 0xff, 0xb6, 0x0, 0x0, 0x7, 0xed, 0xf1,
    0x0, 0x2f, 0xf3, 0xf7, 0x17, 0x0, 0x58, 0xed,
    0xfd, 0x1, 0x3c, 0xe3, 0xbd, 0x70, 0x0, 0xba,
    0x93, 0xff, 0xb, 0x49, 0xe0, 0x65, 0xcd, 0x1e,
    0xf3, 0x35, 0xff, 0x18, 0x56, 0xdb, 0xe, 0xf6,
    0x9f, 0xa2, 0x1e, 0xff, 0x25, 0x63, 0xd3, 0x0,
    0xa5, 0xff, 0x41, 0x16, 0xff, 0x31, 0x6f, 0xcc,
    0x0, 0x3c, 0xaf, 0x1, 0xe, 0xff, 0x3e, 0x7c,
    0xc5, 0x0, 0x0, 0x0, 0x0, 0x5, 0xff, 0x4b,
    0x89, 0xbe, 0x0, 0x0, 0x0, 0x0, 0x0, 0xfc,
    0x58, 0x96, 0xb7, 0x0, 0x0, 0x0, 0x0, 0x0,
    0xf4, 0x65,

    /* U+004E "N" */
    0x10, 0xff, 0xea, 0xa, 0x0, 0x0, 0x6c, 0xe0,
    0x10, 0xff, 0xfd, 0x70, 0x0, 0x0, 0x6c, 0xe0,
    0x10, 0xff, 0xb0, 0xe4, 0x6, 0x0, 0x6c, 0xe0,
    0x10, 0xff, 0x4d, 0xf5, 0x67, 0x0, 0x6c, 0xe0,
    0x10, 0xff, 0x3c, 0x91, 0xde, 0x4, 0x6c, 0xe0,
    0x10, 0xff, 0x3c, 0x1c, 0xf9, 0x5d, 0x6c, 0xe0,
    0x10, 0xff, 0x3c, 0x0, 0x9c, 0xd2, 0x6c, 0xe0,
    0x10, 0xff, 0x3c, 0x0, 0x24, 0xfc, 0xb1, 0xe0,
    0x10, 0xff, 0x3c, 0x0, 0x0, 0xa8, 0xfd, 0xe0,
    0x10, 0xff, 0x3c, 0x0, 0x0, 0x2e, 0xfe, 0xe0,

    /* U+004F "O" */
    0x0, 0x1, 0x71, 0xda, 0xf9, 0xdc, 0x73, 0x0,
    0x0, 0x0, 0x89, 0xfa, 0x71, 0x3f, 0x89, 0xff,
    0x7c, 0x0, 0x1c, 0xfb, 0x73, 0x0, 0x0, 0x0,
    0x9c, 0xf3, 0x9, 0x63, 0xff, 0x13, 0x0, 0x0,
    0x0, 0x41, 0xff, 0x32, 0x83, 0xef, 0x0, 0x0,
    0x0, 0x0, 0x21, 0xff, 0x51, 0x86, 0xef, 0x0,
    0x0, 0x0, 0x0, 0x21, 0xff, 0x55, 0x6c, 0xff,
    0xf, 0x0, 0x0, 0x0, 0x45, 0xff, 0x35, 0x2e,
    0xff, 0x67, 0x0, 0x0, 0x0, 0xa5, 0xe5, 0x4,
    0x0, 0xb0, 0xf7, 0x6c, 0x3f, 0x8e, 0xff, 0x5c,
    0x0, 0x0, 0xb, 0x90, 0xe7, 0xf9, 0xcf, 0x54,
    0x0, 0x0,

    /* U+0050 "P" */
    0xc4, 0xff, 0xff, 0xf3, 0xce, 0x6a, 0x0, 0xc4,
    0xaf, 0x28, 0x35, 0x7c, 0xfc, 0x7d, 0xc4, 0xa0,
    0x0, 0x0, 0x0, 0x9f, 0xe1, 0xc4, 0xa0, 0x0,
    0x0, 0x0, 0x98, 0xd4, 0xc4, 0xa0, 0x0, 0x10,
    0x59, 0xf6, 0x79, 0xc4, 0xff, 0xff, 0xff, 0xef,
    0x7b, 0x1, 0xc4, 0xb2, 0x2f, 0x25, 0x3, 0x0,
    0x0, 0xc4, 0xa0, 0x0, 0x0, 0x0, 0x0, 0x0,
    0xc4, 0xa0, 0x0, 0x0, 0x0, 0x0, 0x0, 0xc4,
    0xa0, 0x0, 0x0, 0x0, 0x0, 0x0,

    /* U+0051 "Q" */
    0x0, 0x0, 0x6e, 0xda, 0xf9, 0xdb, 0x6f, 0x0,
    0x0, 0x0, 0x7e, 0xfc, 0x78, 0x44, 0x90, 0xff,
    0x76, 0x0, 0x14, 0xf8, 0x7a, 0x0, 0x0, 0x0,
    0xa3, 0xf0, 0x7, 0x5b, 0xff, 0x17, 0x0, 0x0,
    0x0, 0x46, 0xff, 0x30, 0x7f, 0xf2, 0x0, 0x0,
    0x0, 0x0, 0x25, 0xff, 0x4e, 0x85, 0xec, 0x0,
    0x0, 0x0, 0x0, 0x1c, 0xff, 0x59, 0x6f, 0xfe,
    0x5, 0x0, 0x0, 0x0, 0x37, 0xff, 0x3f, 0x40,
    0xff, 0x47, 0x0, 0x0, 0x0, 0x81, 0xf5, 0xc,
    0x1, 0xd9, 0xd3, 0x17, 0x0, 0x38, 0xf2, 0x8c,
    0x0, 0x0, 0x26, 0xe2, 0xf9, 0xe3, 0xfc, 0xa7,
    0x6, 0x0, 0x0, 0x0, 0x7, 0x70, 0xfe, 0x2a,
    0x0, 0x0, 0x0, 0x0, 0x0, 0x0, 0x10, 0xef,
    0xa7, 0x3b, 0x62, 0x4c, 0x0, 0x0, 0x0, 0x0,
    0x3e, 0xcb, 0xf6, 0xd9, 0x57,

    /* U+0052 "R" */
    0xac, 0xff, 0xff, 0xf1, 0xcb, 0x58, 0x0, 0x0,
    0xac, 0xc4, 0x2c, 0x39, 0x9f, 0xfe, 0x35, 0x0,
    0xac, 0xb8, 0x0, 0x0, 0x12, 0xff, 0x64, 0x0,
    0xac, 0xb8, 0x0, 0x9, 0x80, 0xfa, 0x26, 0x0,
    0xac, 0xfc, 0xf4, 0xfe, 0xc9, 0x3e, 0x0, 0x0,
    0xac, 0xc2, 0x2b, 0x9c, 0xe6, 0x1d, 0x0, 0x0,
    0xac, 0xb8, 0x0, 0x5, 0xe0, 0x9d, 0x0, 0x0,
    0xac, 0xb8, 0x0, 0x0, 0x73, 0xf9, 0x1a, 0x0,
    0xac, 0xb8, 0x0, 0x0, 0xf, 0xf3, 0x88, 0x0,
    0xac, 0xb8, 0x0, 0x0, 0x0, 0x94, 0xf0, 0xd,

    /* U+0053 "S" */
    0x0, 0x8, 0x79, 0xdb, 0xfa, 0xf3, 0xd1, 0x19,
    0x0, 0x9b, 0xec, 0x66, 0x3b, 0x43, 0x69, 0x12,
    0x0, 0xf0, 0x85, 0x0, 0x0, 0x0, 0x0, 0x0,
    0x0, 0xc7, 0xda, 0x25, 0x0, 0x0, 0x0, 0x0,
    0x0, 0x22, 0xc7, 0xfc, 0xad, 0x45, 0x0, 0x0,
    0x0, 0x0, 0x0, 0x3d, 0xa3, 0xfa, 0xc2, 0x13,
    0x0, 0x0, 0x0, 0x0, 0x0, 0x28, 0xec, 0x99,
    0x0, 0x0, 0x0, 0x0, 0x0, 0x0, 0xbb, 0xc1,
    0x14, 0x83, 0x53, 0x42, 0x49, 0x8b, 0xfe, 0x65,
    0x15, 0xc7, 0xec, 0xfc, 0xec, 0xc3, 0x59, 0x0,

    /* U+0054 "T" */
    0x54, 0xff, 0xff, 0xff, 0xff, 0xff, 0xff, 0xff,
    0x20, 0xf, 0x30, 0x30, 0x6d, 0xff, 0x46, 0x30,
    0x30, 0x6, 0x0, 0x0, 0x0, 0x4c, 0xff, 0x1c,
    0x0, 0x0, 0x0, 0x0, 0x0, 0x0, 0x4c, 0xff,
    0x1c, 0x0, 0x0, 0x0, 0x0, 0x0, 0x0, 0x4c,
    0xff, 0x1c, 0x0, 0x0, 0x0, 0x0, 0x0, 0x0,
    0x4c, 0xff, 0x1c, 0x0, 0x0, 0x0, 0x0, 0x0,
    0x0, 0x4c, 0xff, 0x1c, 0x0, 0x0, 0x0, 0x0,
    0x0, 0x0, 0x4c, 0xff, 0x1c, 0x0, 0x0, 0x0,
    0x0, 0x0, 0x0, 0x4c, 0xff, 0x1c, 0x0, 0x0,
    0x0, 0x0, 0x0, 0x0, 0x4c, 0xff, 0x1c, 0x0,
    0x0, 0x0,

    /* U+0055 "U" */
    0x24, 0xff, 0x40, 0x0, 0x0, 0x0, 0x70, 0xf4,
    0x24, 0xff, 0x40, 0x0, 0x0, 0x0, 0x70, 0xf4,
    0x24, 0xff, 0x40, 0x0, 0x0, 0x0, 0x70, 0xf4,
    0x24, 0xff, 0x40, 0x0, 0x0, 0x0, 0x70, 0xf4,
    0x24, 0xff, 0x40, 0x0, 0x0, 0x0, 0x70, 0xf4,
    0x24, 0xff, 0x40, 0x0, 0x0, 0x0, 0x70, 0xf4,
    0x21, 0xff, 0x43, 0x0, 0x0, 0x0, 0x74, 0xed,
    0x8, 0xfe, 0x66, 0x0, 0x0, 0x0, 0xa1, 0xc8,
    0x0, 0xad, 0xe4, 0x56, 0x35, 0x73, 0xfa, 0x58,
    0x0, 0x11, 0x9a, 0xec, 0xf6, 0xcf, 0x5d, 0x0,

    /* U+0056 "V" */
    0xcd, 0xc5, 0x0, 0x0, 0x0, 0x0, 0x0, 0xe1,
    0x97, 0x76, 0xfe, 0x1a, 0x0, 0x0, 0x0, 0x36,
    0xff, 0x3e, 0x20, 0xff, 0x6c, 0x0, 0x0, 0x0,
    0x89, 0xe3, 0x1, 0x0, 0xc8, 0xc0, 0x0, 0x0,
    0x0, 0xdc, 0x8c, 0x0, 0x0, 0x72, 0xfd, 0x16,
    0x0, 0x30, 0xff, 0x33, 0x0, 0x0, 0x1c, 0xfe,
    0x67, 0x0, 0x84, 0xdb, 0x0, 0x0, 0x0, 0x0,
    0xc4, 0xba, 0x0, 0xd7, 0x82, 0x0, 0x0, 0x0,
    0x0, 0x6d, 0xfb, 0x3c, 0xff, 0x29, 0x0, 0x0,
    0x0, 0x0, 0x19, 0xfd, 0xd5, 0xd0, 0x0, 0x0,
    0x0, 0x0, 0x0, 0x0, 0xbf, 0xff, 0x78, 0x0,
    0x0, 0x0,

    /* U+0057 "W" */
    0x9c, 0xb2, 0x0, 0x0, 0x0, 0x0, 0x0, 0xd4,
    0x6a, 0x8a, 0xc1, 0x0, 0x0, 0x0, 0x0, 0x0,
    0xe2, 0x59, 0x78, 0xd0, 0x0, 0x0, 0x0, 0x0,
    0x0, 0xf0, 0x47, 0x66, 0xdf, 0x0, 0x1f, 0x9a,
    0x3, 0x1, 0xfd, 0x36, 0x54, 0xed, 0x0, 0x78,
    0xff, 0x46, 0xd, 0xff, 0x24, 0x42, 0xfc, 0x0,
    0xce, 0xd9, 0xa1, 0x1b, 0xff, 0x12, 0x30, 0xff,
    0x2e, 0xf1, 0x50, 0xf2, 0x33, 0xfe, 0x2, 0x1e,
    0xff, 0x90, 0xa3, 0x4, 0xea, 0x8d, 0xef, 0x0,
    0xc, 0xff, 0xea, 0x4d, 0x0, 0x94, 0xea, 0xde,
    0x0, 0x0, 0xf8, 0xf0, 0x6, 0x0, 0x39, 0xff,
    0xcc, 0x0,

    /* U+0058 "X" */
    0x43, 0xff, 0x5f, 0x0, 0x0, 0x0, 0x90, 0xef,
    0x19, 0x0, 0x9f, 0xeb, 0x13, 0x0, 0x32, 0xfc,
    0x61, 0x0, 0x0, 0x12, 0xe9, 0x9e, 0x2, 0xcb,
    0xba, 0x0, 0x0, 0x0, 0x0, 0x58, 0xfe, 0xa3,
    0xf4, 0x20, 0x0, 0x0, 0x0, 0x0, 0x0, 0xb5,
    0xff, 0x73, 0x0, 0x0, 0x0, 0x0, 0x0, 0x7,
    0xd4, 0xff, 0xa8, 0x0, 0x0, 0x0, 0x0, 0x0,
    0x87, 0xf0, 0x63, 0xff, 0x50, 0x0, 0x0, 0x0,
    0x34, 0xfc, 0x6b, 0x0, 0xad, 0xe6, 0x11, 0x0,
    0x7, 0xd4, 0xca, 0x2, 0x0, 0x1c, 0xf3, 0xa0,
    0x0, 0x87, 0xfc, 0x32, 0x0, 0x0, 0x0, 0x73,
    0xff, 0x48,

    /* U+0059 "Y" */
    0xb6, 0xe9, 0xd, 0x0, 0x0, 0x0, 0x1b, 0xf6,
    0x82, 0x27, 0xfa, 0x85, 0x0, 0x0, 0x0, 0x9c,
    0xe4, 0xb, 0x0, 0x8d, 0xf6, 0x1c, 0x0, 0x28,
    0xfc, 0x5c, 0x0, 0x0, 0xf, 0xe9, 0xa0, 0x0,
    0xaf, 0xc8, 0x1, 0x0, 0x0, 0x0, 0x65, 0xfd,
    0x5e, 0xfe, 0x37, 0x0, 0x0, 0x0, 0x0, 0x2,
    0xcd, 0xfd, 0xa3, 0x0, 0x0, 0x0, 0x0, 0x0,
    0x0, 0x57, 0xff, 0x29, 0x0, 0x0, 0x0, 0x0,
    0x0, 0x0, 0x4c, 0xff, 0x1c, 0x0, 0x0, 0x0,
    0x0, 0x0, 0x0, 0x4c, 0xff, 0x1c, 0x0, 0x0,
    0x0, 0x0, 0x0, 0x0, 0x4c, 0xff, 0x1c, 0x0,
    0x0, 0x0,

    /* U+005A "Z" */
    0x0, 0xfc, 0xff, 0xff, 0xff, 0xff, 0xff, 0xd4,
    0x0, 0x42, 0x44, 0x44, 0x44, 0x60, 0xfd, 0x8b,
    0x0, 0x0, 0x0, 0x0, 0x0, 0xba, 0xd5, 0x7,
    0x0, 0x0, 0x0, 0x0, 0x6a, 0xfa, 0x32, 0x0,
    0x0, 0x0, 0x0, 0x23, 0xf4, 0x7d, 0x0, 0x0,
    0x0, 0x0, 0x2, 0xc3, 0xca, 0x4, 0x0, 0x0,
    0x0, 0x0, 0x75, 0xf6, 0x27, 0x0, 0x0, 0x0,
    0x0, 0x2a, 0xf8, 0x6f, 0x0, 0x0, 0x0, 0x0,
    0x4, 0xcc, 0xe3, 0x4d, 0x4c, 0x4c, 0x4c, 0x46,
    0x20, 0xff, 0xff, 0xff, 0xff, 0xff, 0xff, 0xec,

    /* U+005B "[" */
    0x4c, 0xff, 0xff, 0xff, 0x8c, 0x4c, 0xff, 0x18,
    0x18, 0xd, 0x4c, 0xff, 0x0, 0x0, 0x0, 0x4c,
    0xff, 0x0, 0x0, 0x0, 0x4c, 0xff, 0x0, 0x0,
    0x0, 0x4c, 0xff, 0x0, 0x0, 0x0, 0x4c, 0xff,
    0x0, 0x0, 0x0, 0x4c, 0xff, 0x0, 0x0, 0x0,
    0x4c, 0xff, 0x0, 0x0, 0x0, 0x4c, 0xff, 0x0,
    0x0, 0x0, 0x4c, 0xff, 0x0, 0x0, 0x0, 0x4c,
    0xff, 0x0, 0x0, 0x0, 0x4c, 0xff, 0x18, 0x18,
    0xd, 0x4c, 0xff, 0xff, 0xff, 0x8c,

    /* U+005C "\\" */
    0x8a, 0xc2, 0x0, 0x0, 0x0, 0x0, 0x0, 0x1f,
    0xfc, 0x30, 0x0, 0x0, 0x0, 0x0, 0x0, 0xae,
    0x9e, 0x0, 0x0, 0x0, 0x0, 0x0, 0x40, 0xf7,
    0x14, 0x0, 0x0, 0x0, 0x0, 0x0, 0xd2, 0x79,
    0x0, 0x0, 0x0, 0x0, 0x0, 0x65, 0xe3, 0x4,
    0x0, 0x0, 0x0, 0x0, 0x9, 0xed, 0x55, 0x0,
    0x0, 0x0, 0x0, 0x0, 0x89, 0xc3, 0x0, 0x0,
    0x0, 0x0, 0x0, 0x1e, 0xfc, 0x30, 0x0, 0x0,
    0x0, 0x0, 0x0, 0xae, 0x9e, 0x0, 0x0, 0x0,
    0x0, 0x0, 0x40, 0xf7, 0x14, 0x0, 0x0, 0x0,
    0x0, 0x0, 0xd1, 0x7a, 0x0, 0x0, 0x0, 0x0,
    0x0, 0x3f, 0x66,

    /* U+005D "]" */
    0xc0, 0xff, 0xff, 0xff, 0x1c, 0x12, 0x18, 0x47,
    0xff, 0x1c, 0x0, 0x0, 0x34, 0xff, 0x1c, 0x0,
    0x0, 0x34, 0xff, 0x1c, 0x0, 0x0, 0x34, 0xff,
    0x1c, 0x0, 0x0, 0x34, 0xff, 0x1c, 0x0, 0x0,
    0x34, 0xff, 0x1c, 0x0, 0x0, 0x34, 0xff, 0x1c,
    0x0, 0x0, 0x34, 0xff, 0x1c, 0x0, 0x0, 0x34,
    0xff, 0x1c, 0x0, 0x0, 0x34, 0xff, 0x1c, 0x0,
    0x0, 0x34, 0xff, 0x1c, 0x12, 0x18, 0x47, 0xff,
    0x1c, 0xc0, 0xff, 0xff, 0xff, 0x1c,

    /* U+005E "^" */
    0x0, 0x0, 0x0, 0x7a, 0xfe, 0x39, 0x0, 0x0,
    0x0, 0x0, 0x18, 0xea, 0x8f, 0xce, 0x3, 0x0,
    0x0, 0x0, 0x9e, 0x8a, 0x5, 0xd9, 0x6b, 0x0,
    0x0, 0x32, 0xec, 0x11, 0x0, 0x4c, 0xef, 0x15,
    0x0, 0xc2, 0x75, 0x0, 0x0, 0x0, 0xb9, 0x9f,

    /* U+005F "_" */
    0xf8, 0xf8, 0xf8, 0xf8, 0xf8, 0xf8, 0xf8, 0xf8,
    0xc5, 0x28, 0x28, 0x28, 0x28, 0x28, 0x28, 0x28,
    0x28, 0x1f,

    /* U+0060 "`" */
    0x87, 0x9c, 0xa2, 0xbd, 0x91, 0xac, 0x80, 0x9c,

    /* U+0061 "a" */
    0x29, 0xb9, 0xea, 0xf9, 0xda, 0x69, 0x0, 0x2e,
    0x6f, 0x3c, 0x30, 0x79, 0xff, 0x41, 0x0, 0x0,
    0x0, 0x0, 0x0, 0xe2, 0x7b, 0x9, 0x7f, 0xcd,
    0xe7, 0xec, 0xfd, 0x84, 0x9b, 0xe4, 0x47, 0x1e,
    0x1c, 0xdf, 0x84, 0xe6, 0x87, 0x0, 0x0, 0xb,
    0xe8, 0x84, 0xca, 0xcd, 0x33, 0x4e, 0xd3, 0xf9,
    0x84, 0x31, 0xcc, 0xf7, 0xda, 0x64, 0xb7, 0x84,

    /* U+0062 "b" */
    0xc0, 0x9c, 0x0, 0x0, 0x0, 0x0, 0x0, 0xc0,
    0x9c, 0x0, 0x0, 0x0, 0x0, 0x0, 0xc0, 0x9c,
    0x0, 0x0, 0x0, 0x0, 0x0, 0xc0, 0x95, 0x74,
    0xe3, 0xf6, 0x96, 0x3, 0xc0, 0xea, 0xd2, 0x4c,
    0x64, 0xf9, 0x70, 0xc0, 0xd7, 0xf, 0x0, 0x0,
    0xa5, 0xc9, 0xc0, 0x9c, 0x0, 0x0, 0x0, 0x79,
    0xe8, 0xc0, 0x9c, 0x0, 0x0, 0x0, 0x7a, 0xe7,
    0xc0, 0x9c, 0x0, 0x0, 0x0, 0xba, 0xaf, 0xc0,
    0xc1, 0x32, 0x28, 0x84, 0xfb, 0x2d, 0x6a, 0xcf,
    0xf3, 0xf7, 0xc2, 0x34, 0x0,

    /* U+0063 "c" */
    0x0, 0x13, 0x9d, 0xed, 0xf8, 0xd9, 0x3c, 0xa,
    0xdc, 0xd6, 0x51, 0x32, 0x5c, 0x34, 0x7a, 0xf5,
    0x1c, 0x0, 0x0, 0x0, 0x0, 0xb7, 0xbe, 0x0,
    0x0, 0x0, 0x0, 0x0, 0xb4, 0xb8, 0x0, 0x0,
    0x0, 0x0, 0x0, 0x8b, 0xec, 0xe, 0x0, 0x0,
    0x0, 0x0, 0x1d, 0xf4, 0xc4, 0x4c, 0x35, 0x5e,
    0x35, 0x0, 0x2e, 0xb5, 0xe8, 0xf7, 0xd4, 0x38,

    /* U+0064 "d" */
    0x0, 0x0, 0x0, 0x0, 0x0, 0x0, 0xdc, 0x84,
    0x0, 0x0, 0x0, 0x0, 0x0, 0x0, 0xdc, 0x84,
    0x0, 0x0, 0x0, 0x0, 0x0, 0x0, 0xdc, 0x84,
    0x0, 0x0, 0x4e, 0xd2, 0xf9, 0xec, 0xf9, 0x84,
    0x0, 0x63, 0xf7, 0x6e, 0x2b, 0x44, 0xeb, 0x84,
    0x0, 0xe2, 0x8d, 0x0, 0x0, 0x0, 0xdc, 0x84,
    0x17, 0xff, 0x52, 0x0, 0x0, 0x0, 0xdc, 0x84,
    0x19, 0xff, 0x47, 0x0, 0x0, 0x0, 0xdc, 0x84,
    0x2, 0xf8, 0x68, 0x0, 0x0, 0x2f, 0xf8, 0x84,
    0x0, 0xa5, 0xd5, 0x22, 0x41, 0xe1, 0xe8, 0x84,
    0x0, 0x12, 0xb8, 0xf8, 0xd3, 0x46, 0xb8, 0x84,

    /* U+0065 "e" */
    0x0, 0x0, 0x4f, 0xd7, 0xf7, 0xd5, 0x67, 0x0,
    0x0, 0x4e, 0xf0, 0x55, 0x22, 0x5e, 0xf8, 0x5f,
    0x0, 0xce, 0x7d, 0x0, 0x0, 0x0, 0xa0, 0xbd,
    0x4, 0xfb, 0xf5, 0xf0, 0xf0, 0xf0, 0xf8, 0xdb,
    0x6, 0xfd, 0x7b, 0x20, 0x20, 0x20, 0x20, 0x1b,
    0x0, 0xde, 0xa6, 0x0, 0x0, 0x0, 0x0, 0x0,
    0x0, 0x6b, 0xfe, 0x89, 0x36, 0x28, 0x47, 0x34,
    0x0, 0x0, 0x65, 0xda, 0xfa, 0xf4, 0xd7, 0x4f,

    /* U+0066 "f" */
    0x0, 0x0, 0x0, 0x9, 0x8f, 0xe2, 0xf8, 0xe2,
    0x2e, 0x0, 0x0, 0x0, 0x87, 0xee, 0x52, 0x29,
    0x3c, 0x12, 0x0, 0x0, 0x0, 0xc8, 0x95, 0x0,
    0x0, 0x0, 0x0, 0x0, 0x0, 0x0, 0xd8, 0x88,
    0x0, 0x0, 0x0, 0x0, 0x5d, 0xf8, 0xf8, 0xfe,
    0xfc, 0xf8, 0xf8, 0xf0, 0x0, 0xf, 0x28, 0x28,
    0xde, 0x9a, 0x28, 0x28, 0x26, 0x0, 0x0, 0x0,
    0x0, 0xd8, 0x88, 0x0, 0x0, 0x0, 0x0, 0x0,
    0x0, 0x0, 0xd8, 0x88, 0x0, 0x0, 0x0, 0x0,
    0x0, 0x0, 0x0, 0xd8, 0x88, 0x0, 0x0, 0x0,
    0x0, 0x0, 0x0, 0x0, 0xd8, 0x88, 0x0, 0x0,
    0x0, 0x0, 0x0, 0x0, 0x0, 0xd8, 0x88, 0x0,
    0x0, 0x0, 0x0,

    /* U+0067 "g" */
    0x0, 0x4, 0x84, 0xe1, 0xfe, 0xff, 0xff, 0xff,
    0x28, 0x0, 0x7b, 0xf8, 0x73, 0x4c, 0xb3, 0xfd,
    0x56, 0xa, 0x0, 0xbd, 0xa7, 0x0, 0x0, 0x13,
    0xff, 0x4f, 0x0, 0x0, 0x8b, 0xe0, 0x1c, 0x0,
    0x68, 0xfa, 0x22, 0x0, 0x0, 0x67, 0xeb, 0xf8,
    0xf6, 0xe2, 0x57, 0x0, 0x0, 0x0, 0xd2, 0x6b,
    0x6, 0x11, 0x0, 0x0, 0x0, 0x0, 0x0, 0xe2,
    0xae, 0x39, 0x34, 0x2f, 0x10, 0x0, 0x0, 0x0,
    0x7c, 0xff, 0xff, 0xff, 0xff, 0xfb, 0x8a, 0x0,
    0x19, 0xf4, 0x7a, 0x0, 0x0, 0x9, 0x88, 0xff,
    0xf, 0x2d, 0xff, 0x88, 0x24, 0x19, 0x36, 0xbe,
    0xd5, 0x0, 0x0, 0x65, 0xcf, 0xf7, 0xfc, 0xe6,
    0xa1, 0x1c, 0x0,

    /* U+0068 "h" */
    0xc0, 0x9c, 0x0, 0x0, 0x0, 0x0, 0x0, 0xc0,
    0x9c, 0x0, 0x0, 0x0, 0x0, 0x0, 0xc0, 0x9c,
    0x0, 0x0, 0x0, 0x0, 0x0, 0xc0, 0x98, 0x76,
    0xe7, 0xed, 0x90, 0x1, 0xc0, 0xef, 0xcc, 0x42,
    0x67, 0xff, 0x4f, 0xc0, 0xd4, 0xd, 0x0, 0x0,
    0xdb, 0x83, 0xc0, 0x9c, 0x0, 0x0, 0x0, 0xcc,
    0x90, 0xc0, 0x9c, 0x0, 0x0, 0x0, 0xcc, 0x90,
    0xc0, 0x9c, 0x0, 0x0, 0x0, 0xcc, 0x90, 0xc0,
    0x9c, 0x0, 0x0, 0x0, 0xcc, 0x90, 0xc0, 0x9c,
    0x0, 0x0, 0x0, 0xcc, 0x90,

    /* U+0069 "i" */
    0x0, 0x0, 0x6a, 0xee, 0x3e, 0x0, 0x0, 0x0,
    0x0, 0x85, 0xff, 0x51, 0x0, 0x0, 0x0, 0x0,
    0x1, 0x16, 0x0, 0x0, 0x0, 0x64, 0xff, 0xff,
    0xff, 0x4c, 0x0, 0x0, 0xc, 0x20, 0x31, 0xff,
    0x4c, 0x0, 0x0, 0x0, 0x0, 0x14, 0xff, 0x4c,
    0x0, 0x0, 0x0, 0x0, 0x14, 0xff, 0x4c, 0x0,
    0x0, 0x0, 0x0, 0x14, 0xff, 0x4c, 0x0, 0x0,
    0x0, 0x0, 0x14, 0xff, 0x4c, 0x0, 0x0, 0x17,
    0x24, 0x35, 0xff, 0x65, 0x24, 0x17, 0xa8, 0xff,
    0xff, 0xff, 0xff, 0xff, 0xa4,

    /* U+006A "j" */
    0x0, 0x0, 0x0, 0x23, 0xe8, 0x8b, 0x0, 0x0,
    0x0, 0x31, 0xfc, 0xa9, 0x0, 0x0, 0x0, 0x0,
    0x13, 0x3, 0xa8, 0xff, 0xff, 0xff, 0xff, 0x90,
    0x15, 0x20, 0x20, 0x20, 0xd6, 0x90, 0x0, 0x0,
    0x0, 0x0, 0xd0, 0x90, 0x0, 0x0, 0x0, 0x0,
    0xd0, 0x90, 0x0, 0x0, 0x0, 0x0, 0xd0, 0x90,
    0x0, 0x0, 0x0, 0x0, 0xd0, 0x90, 0x0, 0x0,
    0x0, 0x0, 0xd0, 0x90, 0x0, 0x0, 0x0, 0x0,
    0xd2, 0x8d, 0x0, 0x0, 0x0, 0x6, 0xef, 0x6b,
    0x77, 0x39, 0x33, 0x9f, 0xf1, 0x1b, 0xb7, 0xf0,
    0xf1, 0xc0, 0x38, 0x0,

    /* U+006B "k" */
    0x94, 0xc8, 0x0, 0x0, 0x0, 0x0, 0x0, 0x0,
    0x94, 0xc8, 0x0, 0x0, 0x0, 0x0, 0x0, 0x0,
    0x94, 0xc8, 0x0, 0x0, 0x0, 0x0, 0x0, 0x0,
    0x94, 0xc8, 0x0, 0x0, 0x38, 0xf3, 0x9a, 0x1,
    0x94, 0xc8, 0x0, 0x32, 0xf0, 0x9a, 0x1, 0x0,
    0x94, 0xc8, 0x2d, 0xec, 0x9a, 0x1, 0x0, 0x0,
    0x94, 0xd8, 0xe8, 0xb2, 0x1, 0x0, 0x0, 0x0,
    0x94, 0xc8, 0x8d, 0xf3, 0x33, 0x0, 0x0, 0x0,
    0x94, 0xc8, 0x2, 0xb0, 0xe9, 0x24, 0x0, 0x0,
    0x94, 0xc8, 0x0, 0xb, 0xcd, 0xdd, 0x17, 0x0,
    0x94, 0xc8, 0x0, 0x0, 0x1a, 0xe3, 0xce, 0xd,

    /* U+006C "l" */
    0x64, 0xff, 0xff, 0xff, 0x4c, 0x0, 0x0, 0xc,
    0x20, 0x31, 0xff, 0x4c, 0x0, 0x0, 0x0, 0x0,
    0x14, 0xff, 0x4c, 0x0, 0x0, 0x0, 0x0, 0x14,
    0xff, 0x4c, 0x0, 0x0, 0x0, 0x0, 0x14, 0xff,
    0x4c, 0x0, 0x0, 0x0, 0x0, 0x14, 0xff, 0x4c,
    0x0, 0x0, 0x0, 0x0, 0x14, 0xff, 0x4c, 0x0,
    0x0, 0x0, 0x0, 0x14, 0xff, 0x4c, 0x0, 0x0,
    0x0, 0x0, 0x14, 0xff, 0x4c, 0x0, 0x0, 0x17,
    0x24, 0x35, 0xff, 0x65, 0x24, 0x17, 0xa8, 0xff,
    0xff, 0xff, 0xff, 0xff, 0xa4,

    /* U+006D "m" */
    0x4c, 0xc4, 0x7c, 0xf4, 0x7b, 0x6f, 0xf2, 0x91,
    0x0, 0x4c, 0xed, 0xac, 0x55, 0xe8, 0xb9, 0x45,
    0xfb, 0x6, 0x4c, 0xfd, 0x24, 0x38, 0xff, 0x32,
    0x28, 0xff, 0x17, 0x4c, 0xf4, 0x0, 0x38, 0xff,
    0x4, 0x28, 0xff, 0x18, 0x4c, 0xf4, 0x0, 0x38,
    0xff, 0x4, 0x28, 0xff, 0x18, 0x4c, 0xf4, 0x0,
    0x38, 0xff, 0x4, 0x28, 0xff, 0x18, 0x4c, 0xf4,
    0x0, 0x38, 0xff, 0x4, 0x28, 0xff, 0x18, 0x4c,
    0xf4, 0x0, 0x38, 0xff, 0x4, 0x28, 0xff, 0x18,

    /* U+006E "n" */
    0xc0, 0x80, 0x84, 0xea, 0xee, 0x93, 0x1, 0xc0,
    0xf5, 0xad, 0x1c, 0x45, 0xfd, 0x50, 0xc0, 0xc8,
    0x4, 0x0, 0x0, 0xd6, 0x83, 0xc0, 0x9c, 0x0,
    0x0, 0x0, 0xcc, 0x90, 0xc0, 0x9c, 0x0, 0x0,
    0x0, 0xcc, 0x90, 0xc0, 0x9c, 0x0, 0x0, 0x0,
    0xcc, 0x90, 0xc0, 0x9c, 0x0, 0x0, 0x0, 0xcc,
    0x90, 0xc0, 0x9c, 0x0, 0x0, 0x0, 0xcc, 0x90,

    /* U+006F "o" */
    0x0, 0x0, 0x6c, 0xde, 0xfa, 0xdc, 0x65, 0x0,
    0x0, 0x0, 0x7e, 0xf3, 0x67, 0x36, 0x7d, 0xfb,
    0x74, 0x0, 0xc, 0xf6, 0x6c, 0x0, 0x0, 0x0,
    0x9d, 0xdb, 0x0, 0x33, 0xff, 0x2a, 0x0, 0x0,
    0x0, 0x60, 0xfc, 0x6, 0x37, 0xff, 0x2b, 0x0,
    0x0, 0x0, 0x5f, 0xff, 0x8, 0x11, 0xfd, 0x68,
    0x0, 0x0, 0x0, 0x9f, 0xcf, 0x0, 0x0, 0x9a,
    0xee, 0x60, 0x35, 0x7d, 0xfc, 0x4a, 0x0, 0x0,
    0x8, 0x88, 0xdd, 0xf8, 0xd1, 0x48, 0x0, 0x0,

    /* U+0070 "p" */
    0xc0, 0x81, 0x81, 0xe5, 0xf6, 0x96, 0x3, 0xc0,
    0xf2, 0xb9, 0x28, 0x40, 0xf2, 0x70, 0xc0, 0xcb,
    0x6, 0x0, 0x0, 0x9d, 0xc9, 0xc0, 0x9c, 0x0,
    0x0, 0x0, 0x78, 0xe8, 0xc0, 0x9c, 0x0, 0x0,
    0x0, 0x84, 0xe7, 0xc0, 0x9c, 0x0, 0x0, 0x0,
    0xc0, 0xb1, 0xc0, 0xc2, 0x34, 0x2b, 0x8a, 0xfb,
    0x2d, 0xc0, 0xf2, 0xf7, 0xef, 0xbe, 0x38, 0x0,
    0xc0, 0x9c, 0x0, 0x0, 0x0, 0x0, 0x0, 0xc0,
    0x9c, 0x0, 0x0, 0x0, 0x0, 0x0, 0xc0, 0x9c,
    0x0, 0x0, 0x0, 0x0, 0x0,

    /* U+0071 "q" */
    0x0, 0x0, 0x0, 0x0, 0x0, 0x0, 0x0, 0x1,
    0x0, 0x0, 0x50, 0xd2, 0xf9, 0xea, 0xd1, 0x80,
    0x0, 0x58, 0xf5, 0x69, 0x27, 0x3f, 0xea, 0x84,
    0x0, 0xda, 0x8a, 0x0, 0x0, 0x0, 0xdc, 0x84,
    0xd, 0xff, 0x50, 0x0, 0x0, 0x0, 0xdc, 0x84,
    0x1a, 0xff, 0x48, 0x0, 0x0, 0x0, 0xdc, 0x84,
    0x4, 0xfa, 0x71, 0x0, 0x0, 0x3f, 0xfb, 0x84,
    0x0, 0xa7, 0xe4, 0x46, 0x63, 0xe7, 0xe8, 0x84,
    0x0, 0x13, 0xba, 0xf8, 0xcf, 0x3c, 0xd5, 0x84,
    0x0, 0x0, 0x0, 0x0, 0x0, 0x0, 0xdb, 0x84,
    0x0, 0x0, 0x0, 0x0, 0x0, 0x0, 0xdc, 0x84,
    0x0, 0x0, 0x0, 0x0, 0x0, 0x0, 0xdc, 0x84,

    /* U+0072 "r" */
    0x6c, 0xd3, 0x2f, 0xc0, 0xf6, 0xce, 0x2f, 0x0,
    0x6c, 0xf1, 0xe5, 0x58, 0x16, 0xbc, 0xc5, 0x0,
    0x6c, 0xfd, 0x44, 0x0, 0x0, 0x65, 0xf6, 0x0,
    0x6c, 0xf4, 0x0, 0x0, 0x0, 0x4, 0xc, 0x0,
    0x6c, 0xf4, 0x0, 0x0, 0x0, 0x0, 0x0, 0x0,
    0x6c, 0xf4, 0x0, 0x0, 0x0, 0x0, 0x0, 0x0,
    0x6c, 0xf4, 0x0, 0x0, 0x0, 0x0, 0x0, 0x0,
    0x6c, 0xf4, 0x0, 0x0, 0x0, 0x0, 0x0, 0x0,

    /* U+0073 "s" */
    0x0, 0x61, 0xd8, 0xfa, 0xf3, 0xcb, 0x0, 0x43,
    0xfe, 0x64, 0x2b, 0x34, 0x56, 0x0, 0x64, 0xfa,
    0x21, 0x0, 0x0, 0x0, 0x0, 0xf, 0xcd, 0xf7,
    0xab, 0x52, 0x5, 0x0, 0x0, 0x4, 0x50, 0xa4,
    0xf5, 0xd5, 0x13, 0x0, 0x0, 0x0, 0x0, 0x1f,
    0xfc, 0x68, 0x47, 0x50, 0x33, 0x2f, 0x6e, 0xff,
    0x43, 0x6f, 0xe4, 0xf8, 0xfa, 0xd0, 0x5e, 0x0,

    /* U+0074 "t" */
    0x0, 0x0, 0xf, 0x5e, 0x6, 0x0, 0x0, 0x0,
    0x0, 0x0, 0x50, 0xff, 0xc, 0x0, 0x0, 0x0,
    0x0, 0x0, 0x50, 0xff, 0xc, 0x0, 0x0, 0x0,
    0x80, 0xff, 0xff, 0xff, 0xff, 0xff, 0xff, 0x94,
    0x12, 0x24, 0x68, 0xff, 0x2e, 0x24, 0x24, 0x14,
    0x0, 0x0, 0x50, 0xff, 0xc, 0x0, 0x0, 0x0,
    0x0, 0x0, 0x50, 0xff, 0xc, 0x0, 0x0, 0x0,
    0x0, 0x0, 0x50, 0xff, 0xc, 0x0, 0x0, 0x0,
    0x0, 0x0, 0x46, 0xff, 0x1a, 0x0, 0x0, 0x0,
    0x0, 0x0, 0x18, 0xf8, 0xa6, 0x33, 0x34, 0x32,
    0x0, 0x0, 0x0, 0x53, 0xd5, 0xf9, 0xf3, 0x7b,

    /* U+0075 "u" */
    0xc0, 0x9c, 0x0, 0x0, 0x0, 0xcc, 0x90, 0xc0,
    0x9c, 0x0, 0x0, 0x0, 0xcc, 0x90, 0xc0, 0x9c,
    0x0, 0x0, 0x0, 0xcc, 0x90, 0xc0, 0x9c, 0x0,
    0x0, 0x0, 0xcc, 0x90, 0xc0, 0x9c, 0x0, 0x0,
    0x0, 0xcc, 0x90, 0xb4, 0xa5, 0x0, 0x0, 0x15,
    0xe9, 0x90, 0x84, 0xe9, 0x29, 0x29, 0xce, 0xf4,
    0x90, 0x12, 0xb3, 0xf5, 0xe3, 0x66, 0xad, 0x90,

    /* U+0076 "v" */
    0x4b, 0xff, 0x3d, 0x0, 0x0, 0x0, 0x73, 0xf8,
    0x11, 0x3, 0xe5, 0x9a, 0x0, 0x0, 0x0, 0xcf,
    0xa7, 0x0, 0x0, 0x86, 0xef, 0x7, 0x0, 0x2c,
    0xff, 0x45, 0x0, 0x0, 0x24, 0xff, 0x54, 0x0,
    0x89, 0xe0, 0x2, 0x0, 0x0, 0x0, 0xc1, 0xb1,
    0x2, 0xe3, 0x80, 0x0, 0x0, 0x0, 0x0, 0x5f,
    0xfa, 0x51, 0xfe, 0x1f, 0x0, 0x0, 0x0, 0x0,
    0xa, 0xf1, 0xe4, 0xbb, 0x0, 0x0, 0x0, 0x0,
    0x0, 0x0, 0x99, 0xff, 0x59, 0x0, 0x0, 0x0,

    /* U+0077 "w" */
    0xa3, 0xae, 0x0, 0x0, 0x0, 0x0, 0x0, 0xe3,
    0x71, 0x7f, 0xcd, 0x0, 0x0, 0x3, 0x0, 0x3,
    0xfb, 0x4c, 0x5b, 0xec, 0x0, 0x46, 0xfa, 0x12,
    0x1c, 0xff, 0x28, 0x37, 0xff, 0xc, 0x97, 0xfd,
    0x65, 0x38, 0xfd, 0x6, 0x12, 0xff, 0x2c, 0xe6,
    0x9c, 0xbd, 0x55, 0xdf, 0x0, 0x0, 0xee, 0x83,
    0xd9, 0x1f, 0xfc, 0x88, 0xba, 0x0, 0x0, 0xcb,
    0xe9, 0x85, 0x0, 0xc7, 0xec, 0x96, 0x0, 0x0,
    0xa6, 0xff, 0x31, 0x0, 0x70, 0xff, 0x72, 0x0,

    /* U+0078 "x" */
    0x11, 0xe1, 0xc3, 0x2, 0x0, 0x3, 0xcc, 0xce,
    0x7, 0x0, 0x3c, 0xfc, 0x71, 0x0, 0x78, 0xf3,
    0x25, 0x0, 0x0, 0x0, 0x7d, 0xf6, 0x4d, 0xf7,
    0x5d, 0x0, 0x0, 0x0, 0x0, 0x2, 0xbf, 0xfe,
    0xa0, 0x0, 0x0, 0x0, 0x0, 0x0, 0x5, 0xc7,
    0xff, 0x9f, 0x0, 0x0, 0x0, 0x0, 0x0, 0x8f,
    0xed, 0x54, 0xfc, 0x65, 0x0, 0x0, 0x0, 0x51,
    0xff, 0x57, 0x0, 0x86, 0xf8, 0x33, 0x0, 0x22,
    0xf0, 0xa7, 0x0, 0x0, 0x5, 0xcf, 0xdf, 0x11,

    /* U+0079 "y" */
    0x49, 0xff, 0x40, 0x0, 0x0, 0x0, 0x72, 0xf8,
    0x12, 0x2, 0xde, 0xa3, 0x0, 0x0, 0x0, 0xce,
    0xa8, 0x0, 0x0, 0x79, 0xf6, 0xf, 0x0, 0x29,
    0xff, 0x46, 0x0, 0x0, 0x17, 0xfa, 0x69, 0x0,
    0x85, 0xe2, 0x2, 0x0, 0x0, 0x0, 0xaa, 0xcc,
    0x1, 0xdf, 0x82, 0x0, 0x0, 0x0, 0x0, 0x43,
    0xff, 0x67, 0xfe, 0x21, 0x0, 0x0, 0x0, 0x0,
    0x1, 0xda, 0xf5, 0xbd, 0x0, 0x0, 0x0, 0x0,
    0x0, 0x0, 0x7a, 0xff, 0x55, 0x0, 0x0, 0x0,
    0x0, 0x0, 0x1, 0xbf, 0xd7, 0x3, 0x0, 0x0,
    0x0, 0x1f, 0x3f, 0xa7, 0xf8, 0x3b, 0x0, 0x0,
    0x0, 0x0, 0x86, 0xf2, 0xbe, 0x34, 0x0, 0x0,
    0x0, 0x0, 0x0,

    /* U+007A "z" */
    0x9c, 0xff, 0xff, 0xff, 0xff, 0xff, 0x58, 0x15,
    0x24, 0x24, 0x24, 0xa9, 0xe9, 0x19, 0x0, 0x0,
    0x0, 0x4f, 0xfd, 0x45, 0x0, 0x0, 0x0, 0x20,
    0xef, 0x82, 0x0, 0x0, 0x0, 0x6, 0xca, 0xbf,
    0x3, 0x0, 0x0, 0x0, 0x93, 0xe9, 0x19, 0x0,
    0x0, 0x0, 0x54, 0xff, 0x6c, 0x28, 0x28, 0x28,
    0x18, 0xb7, 0xff, 0xff, 0xff, 0xff, 0xff, 0x9c,

    /* U+007B "{" */
    0x0, 0x0, 0x0, 0x7a, 0xe7, 0xfe, 0x4, 0x0,
    0x0, 0x4b, 0xfc, 0x5e, 0x1d, 0x0, 0x0, 0x0,
    0x82, 0xc7, 0x0, 0x0, 0x0, 0x0, 0x0, 0x8c,
    0xbc, 0x0, 0x0, 0x0, 0x0, 0x0, 0x8f, 0xb8,
    0x0, 0x0, 0x0, 0x0, 0x16, 0xcf, 0x87, 0x0,
    0x0, 0x0, 0xb5, 0xff, 0xc0, 0x8, 0x0, 0x0,
    0x0, 0x1c, 0x4d, 0xe8, 0x78, 0x0, 0x0, 0x0,
    0x0, 0x0, 0x94, 0xb9, 0x0, 0x0, 0x0, 0x0,
    0x0, 0x8c, 0xc0, 0x0, 0x0, 0x0, 0x0, 0x0,
    0x8c, 0xc0, 0x0, 0x0, 0x0, 0x0, 0x0, 0x81,
    0xcc, 0x0, 0x0, 0x0, 0x0, 0x0, 0x4b, 0xfd,
    0x61, 0x1c, 0x0, 0x0, 0x0, 0x0, 0x7b, 0xe0,
    0xfc, 0x4,

    /* U+007C "|" */
    0x3c, 0xff, 0xc, 0x3c, 0xff, 0xc, 0x3c, 0xff,
    0xc, 0x3c, 0xff, 0xc, 0x3c, 0xff, 0xc, 0x3c,
    0xff, 0xc, 0x3c, 0xff, 0xc, 0x3c, 0xff, 0xc,
    0x3c, 0xff, 0xc, 0x3c, 0xff, 0xc, 0x3c, 0xff,
    0xc, 0x3c, 0xff, 0xc, 0x3c, 0xff, 0xc, 0x3c,
    0xff, 0xc, 0x3c, 0xff, 0xc, 0x3c, 0xff, 0xc,

    /* U+007D "}" */
    0x34, 0xf9, 0xd4, 0x52, 0x0, 0x0, 0x0, 0x4,
    0x21, 0x89, 0xf8, 0x1c, 0x0, 0x0, 0x0, 0x0,
    0x4, 0xfb, 0x4d, 0x0, 0x0, 0x0, 0x0, 0x0,
    0xf4, 0x58, 0x0, 0x0, 0x0, 0x0, 0x0, 0xf0,
    0x5b, 0x0, 0x0, 0x0, 0x0, 0x0, 0xc1, 0xaf,
    0xd, 0x0, 0x0, 0x0, 0x0, 0x21, 0xda, 0xff,
    0x85, 0x0, 0x0, 0x0, 0xa5, 0xc3, 0x3a, 0x14,
    0x0, 0x0, 0x0, 0xe9, 0x5e, 0x0, 0x0, 0x0,
    0x0, 0x0, 0xf0, 0x58, 0x0, 0x0, 0x0, 0x0,
    0x0, 0xf0, 0x58, 0x0, 0x0, 0x0, 0x0, 0x2,
    0xf9, 0x4e, 0x0, 0x0, 0x4, 0x20, 0x84, 0xf9,
    0x1d, 0x0, 0x0, 0x34, 0xf9, 0xd5, 0x55, 0x0,
    0x0, 0x0,

    /* U+007E "~" */
    0x0, 0x0, 0x0, 0x0, 0x0, 0x0, 0x0, 0x0,
    0x0, 0x0, 0x92, 0xf2, 0xcf, 0x35, 0x0, 0x0,
    0x8c, 0x25, 0x44, 0xf6, 0x4d, 0xa1, 0xf3, 0x4f,
    0x38, 0xff, 0x21, 0x55, 0x98, 0x0, 0x0, 0x84,
    0xfc, 0xff, 0x96, 0x0, 0x0, 0x0, 0x0, 0x0,
    0x0, 0x17, 0x1d, 0x0, 0x0,

    /* U+007F "" */

    /* U+4E09 "三" */
    0x0, 0x53, 0xf4, 0xf4, 0xf4, 0xf4, 0xf4, 0xf4,
    0xf4, 0xf4, 0xf4, 0xf4, 0xf4, 0xf4, 0xb7, 0x0,
    0x0, 0x22, 0x64, 0x64, 0x64, 0x64, 0x64, 0x64,
    0x64, 0x64, 0x64, 0x64, 0x64, 0x64, 0x4b, 0x0,
    0x0, 0x0, 0x0, 0x0, 0x0, 0x0, 0x0, 0x0,
    0x0, 0x0, 0x0, 0x0, 0x0, 0x0, 0x0, 0x0,
    0x0, 0x0, 0x0, 0x0, 0x0, 0x0, 0x0, 0x0,
    0x0, 0x0, 0x0, 0x0, 0x0, 0x0, 0x0, 0x0,
    0x0, 0x0, 0x0, 0x0, 0x0, 0x0, 0x0, 0x0,
    0x0, 0x0, 0x0, 0x0, 0x0, 0x0, 0x0, 0x0,
    0x0, 0x0, 0x3d, 0x60, 0x60, 0x60, 0x60, 0x60,
    0x60, 0x60, 0x60, 0x60, 0x60, 0x60, 0x4, 0x0,
    0x0, 0x0, 0x9c, 0xf4, 0xf4, 0xf4, 0xf4, 0xf4,
    0xf4, 0xf4, 0xf4, 0xf4, 0xf4, 0xf4, 0xb, 0x0,
    0x0, 0x0, 0x0, 0x0, 0x0, 0x0, 0x0, 0x0,
    0x0, 0x0, 0x0, 0x0, 0x0, 0x0, 0x0, 0x0,
    0x0, 0x0, 0x0, 0x0, 0x0, 0x0, 0x0, 0x0,
    0x0, 0x0, 0x0, 0x0, 0x0, 0x0, 0x0, 0x0,
    0x0, 0x0, 0x0, 0x0, 0x0, 0x0, 0x0, 0x0,
    0x0, 0x0, 0x0, 0x0, 0x0, 0x0, 0x0, 0x0,
    0x0, 0x0, 0x0, 0x0, 0x0, 0x0, 0x0, 0x0,
    0x0, 0x0, 0x0, 0x0, 0x0, 0x0, 0x0, 0x0,
    0x1e, 0x60, 0x60, 0x60, 0x60, 0x60, 0x60, 0x60,
    0x60, 0x60, 0x60, 0x60, 0x60, 0x60, 0x60, 0x4b,
    0x4c, 0xf4, 0xf4, 0xf4, 0xf4, 0xf4, 0xf4, 0xf4,
    0xf4, 0xf4, 0xf4, 0xf4, 0xf4, 0xf4, 0xf4, 0xbe,

    /* U+4E0A "上" */
    0x0, 0x0, 0x0, 0x0, 0x0, 0x0, 0x4, 0xc,
    0x0, 0x0, 0x0, 0x0, 0x0, 0x0, 0x0, 0x0,
    0x0, 0x0, 0x0, 0x0, 0x0, 0x0, 0x58, 0xff,
    0xc, 0x0, 0x0, 0x0, 0x0, 0x0, 0x0, 0x0,
    0x0, 0x0, 0x0, 0x0, 0x0, 0x0, 0x58, 0xff,
    0xc, 0x0, 0x0, 0x0, 0x0, 0x0, 0x0, 0x0,
    0x0, 0x0, 0x0, 0x0, 0x0, 0x0, 0x58, 0xff,
    0xc, 0x0, 0x0, 0x0, 0x0, 0x0, 0x0, 0x0,
    0x0, 0x0, 0x0, 0x0, 0x0, 0x0, 0x58, 0xff,
    0xc, 0x0, 0x0, 0x0, 0x0, 0x0, 0x0, 0x0,
    0x0, 0x0, 0x0, 0x0, 0x0, 0x0, 0x58, 0xff,
    0x54, 0x4c, 0x4c, 0x4c, 0x4c, 0x4c, 0x1c, 0x0,
    0x0, 0x0, 0x0, 0x0, 0x0, 0x0, 0x58, 0xff,
    0xf4, 0xf4, 0xf4, 0xf4, 0xf4, 0xf4, 0x5b, 0x0,
    0x0, 0x0, 0x0, 0x0, 0x0, 0x0, 0x58, 0xff,
    0xc, 0x0, 0x0, 0x0, 0x0, 0x0, 0x0, 0x0,
    0x0, 0x0, 0x0, 0x0, 0x0, 0x0, 0x58, 0xff,
    0xc, 0x0, 0x0, 0x0, 0x0, 0x0, 0x0, 0x0,
    0x0, 0x0, 0x0, 0x0, 0x0, 0x0, 0x58, 0xff,
    0xc, 0x0, 0x0, 0x0, 0x0, 0x0, 0x0, 0x0,
    0x0, 0x0, 0x0, 0x0, 0x0, 0x0, 0x58, 0xff,
    0xc, 0x0, 0x0, 0x0, 0x0, 0x0, 0x0, 0x0,
    0x0, 0x0, 0x0, 0x0, 0x0, 0x0, 0x58, 0xff,
    0xc, 0x0, 0x0, 0x0, 0x0, 0x0, 0x0, 0x0,
    0x0, 0x0, 0x0, 0x0, 0x0, 0x0, 0x58, 0xff,
    0xc, 0x0, 0x0, 0x0, 0x0, 0x0, 0x0, 0x0,
    0xd, 0x24, 0x24, 0x24, 0x24, 0x24, 0x6f, 0xff,
    0x2e, 0x24, 0x24, 0x24, 0x24, 0x24, 0x24, 0x1d,
    0x60, 0xff, 0xff, 0xff, 0xff, 0xff, 0xff, 0xff,
    0xff, 0xff, 0xff, 0xff, 0xff, 0xff, 0xff, 0xd4,
    0xc, 0x20, 0x20, 0x20, 0x20, 0x20, 0x20, 0x20,
    0x20, 0x20, 0x20, 0x20, 0x20, 0x20, 0x20, 0x1a,

    /* U+4E0B "下" */
    0x3, 0x4, 0x4, 0x4, 0x4, 0x4, 0x4, 0x4,
    0x4, 0x4, 0x4, 0x4, 0x4, 0x4, 0x4, 0x1,
    0xd0, 0xff, 0xff, 0xff, 0xff, 0xff, 0xff, 0xff,
    0xff, 0xff, 0xff, 0xff, 0xff, 0xff, 0xff, 0x60,
    0x37, 0x44, 0x44, 0x44, 0x44, 0x44, 0xbc, 0xd6,
    0x44, 0x44, 0x44, 0x44, 0x44, 0x44, 0x44, 0x19,
    0x0, 0x0, 0x0, 0x0, 0x0, 0x0, 0xa4, 0xc8,
    0x0, 0x0, 0x0, 0x0, 0x0, 0x0, 0x0, 0x0,
    0x0, 0x0, 0x0, 0x0, 0x0, 0x0, 0xa4, 0xc8,
    0x20, 0x0, 0x0, 0x0, 0x0, 0x0, 0x0, 0x0,
    0x0, 0x0, 0x0, 0x0, 0x0, 0x0, 0xa4, 0xdc,
    0xf3, 0xb9, 0x26, 0x0, 0x0, 0x0, 0x0, 0x0,
    0x0, 0x0, 0x0, 0x0, 0x0, 0x0, 0xa4, 0xc8,
    0x47, 0xe0, 0xf8, 0x80, 0x6, 0x0, 0x0, 0x0,
    0x0, 0x0, 0x0, 0x0, 0x0, 0x0, 0xa4, 0xc8,
    0x0, 0xb, 0x91, 0xfe, 0xd5, 0x37, 0x0, 0x0,
    0x0, 0x0, 0x0, 0x0, 0x0, 0x0, 0xa4, 0xc8,
    0x0, 0x0, 0x0, 0x43, 0xe5, 0xfc, 0x3f, 0x0,
    0x0, 0x0, 0x0, 0x0, 0x0, 0x0, 0xa4, 0xc8,
    0x0, 0x0, 0x0, 0x0, 0x13, 0x81, 0x2, 0x0,
    0x0, 0x0, 0x0, 0x0, 0x0, 0x0, 0xa4, 0xc8,
    0x0, 0x0, 0x0, 0x0, 0x0, 0x0, 0x0, 0x0,
    0x0, 0x0, 0x0, 0x0, 0x0, 0x0, 0xa4, 0xc8,
    0x0, 0x0, 0x0, 0x0, 0x0, 0x0, 0x0, 0x0,
    0x0, 0x0, 0x0, 0x0, 0x0, 0x0, 0xa4, 0xc8,
    0x0, 0x0, 0x0, 0x0, 0x0, 0x0, 0x0, 0x0,
    0x0, 0x0, 0x0, 0x0, 0x0, 0x0, 0xa4, 0xc8,
    0x0, 0x0, 0x0, 0x0, 0x0, 0x0, 0x0, 0x0,
    0x0, 0x0, 0x0, 0x0, 0x0, 0x0, 0xa4, 0xc8,
    0x0, 0x0, 0x0, 0x0, 0x0, 0x0, 0x0, 0x0,

    /* U+4E0E "与" */
    0x0, 0x0, 0x0, 0x2e, 0x63, 0x0, 0x0, 0x0,
    0x0, 0x0, 0x0, 0x0, 0x0, 0x0, 0x0, 0x0,
    0x0, 0x0, 0x0, 0x7c, 0xd1, 0x0, 0x0, 0x0,
    0x0, 0x0, 0x0, 0x0, 0x0, 0x0, 0x0, 0x0,
    0x0, 0x0, 0x0, 0x96, 0xb9, 0x0, 0x0, 0x0,
    0x0, 0x0, 0x0, 0x0, 0x0, 0x0, 0x0, 0x0,
    0x0, 0x0, 0x0, 0xaf, 0xfc, 0xf4, 0xf4, 0xf4,
    0xf4, 0xf4, 0xf4, 0xf4, 0xf4, 0xf4, 0xf4, 0xb7,
    0x0, 0x0, 0x0, 0xc9, 0xa2, 0x3c, 0x3c, 0x3c,
    0x3c, 0x3c, 0x3c, 0x3c, 0x3c, 0x3c, 0x3c, 0x2d,
    0x0, 0x0, 0x0, 0xe2, 0x70, 0x0, 0x0, 0x0,
    0x0, 0x0, 0x0, 0x0, 0x0, 0x0, 0x0, 0x0,
    0x0, 0x0, 0x0, 0xfa, 0x73, 0x28, 0x28, 0x28,
    0x28, 0x28, 0x28, 0x28, 0x28, 0x28, 0x18, 0x0,
    0x0, 0x0, 0x4, 0xff, 0xff, 0xff, 0xff, 0xff,
    0xff, 0xff, 0xff, 0xff, 0xff, 0xff, 0x91, 0x0,
    0x0, 0x0, 0x0, 0x8, 0x8, 0x8, 0x8, 0x8,
    0x8, 0x8, 0x8, 0x8, 0x8, 0xcd, 0x81, 0x0,
    0x0, 0x0, 0x0, 0x0, 0x0, 0x0, 0x0, 0x0,
    0x0, 0x0, 0x0, 0x0, 0x0, 0xda, 0x72, 0x0,
    0x34, 0x50, 0x50, 0x50, 0x50, 0x50, 0x50, 0x50,
    0x50, 0x50, 0x50, 0x49, 0x0, 0xe9, 0x61, 0x0,
    0x93, 0xe0, 0xe0, 0xe0, 0xe0, 0xe0, 0xe0, 0xe0,
    0xe0, 0xe0, 0xe0, 0xce, 0x1, 0xfb, 0x4e, 0x0,
    0x0, 0x0, 0x0, 0x0, 0x0, 0x0, 0x0, 0x0,
    0x0, 0x0, 0x0, 0x0, 0x11, 0xff, 0x3b, 0x0,
    0x0, 0x0, 0x0, 0x0, 0x0, 0x0, 0x0, 0x0,
    0x0, 0x0, 0x0, 0x0, 0x3a, 0xff, 0x1e, 0x0,
    0x0, 0x0, 0x0, 0x0, 0x0, 0x0, 0x0, 0x51,
    0x4a, 0x3d, 0x35, 0x4b, 0xd0, 0xd7, 0x0, 0x0,
    0x0, 0x0, 0x0, 0x0, 0x0, 0x0, 0x0, 0xbe,
    0xfe, 0xff, 0xff, 0xf7, 0xc7, 0x35, 0x0, 0x0,
    0x0, 0x0, 0x0, 0x0, 0x0, 0x0, 0x0, 0x0,
    0x0, 0x3, 0x6, 0x0, 0x0, 0x0, 0x0, 0x0,

    /* U+4E3B "主" */
    0x0, 0x0, 0x0, 0x0, 0x0, 0x0, 0x0, 0x8,
    0x0, 0x0, 0x0, 0x0, 0x0, 0x0, 0x0, 0x0,
    0x0, 0x0, 0x0, 0x0, 0x0, 0x0, 0x3c, 0xec,
    0x23, 0x0, 0x0, 0x0, 0x0, 0x0, 0x0, 0x0,
    0x0, 0x0, 0x0, 0x0, 0x0, 0x0, 0x4, 0xd6,
    0xb9, 0x0, 0x0, 0x0, 0x0, 0x0, 0x0, 0x0,
    0xe, 0x40, 0x40, 0x40, 0x40, 0x40, 0x40, 0x82,
    0x97, 0x40, 0x40, 0x40, 0x40, 0x40, 0x2e, 0x0,
    0x34, 0xf0, 0xf0, 0xf0, 0xf0, 0xf0, 0xf0, 0xfe,
    0xf7, 0xf0, 0xf0, 0xf0, 0xf0, 0xf0, 0xac, 0x0,
    0x0, 0x0, 0x0, 0x0, 0x0, 0x0, 0x0, 0xe4,
    0x74, 0x0, 0x0, 0x0, 0x0, 0x0, 0x0, 0x0,
    0x0, 0x0, 0x0, 0x0, 0x0, 0x0, 0x0, 0xe4,
    0x74, 0x0, 0x0, 0x0, 0x0, 0x0, 0x0, 0x0,
    0x0, 0x0, 0x0, 0x0, 0x0, 0x0, 0x0, 0xe4,
    0x74, 0x0, 0x0, 0x0, 0x0, 0x0, 0x0, 0x0,
    0x0, 0x92, 0xf0, 0xf0, 0xf0, 0xf0, 0xf0, 0xfe,
    0xf7, 0xf0, 0xf0, 0xf0, 0xf0, 0xf0, 0x29, 0x0,
    0x0, 0x27, 0x40, 0x40, 0x40, 0x40, 0x40, 0xeb,
    0x97, 0x40, 0x40, 0x40, 0x40, 0x40, 0xb, 0x0,
    0x0, 0x0, 0x0, 0x0, 0x0, 0x0, 0x0, 0xe4,
    0x74, 0x0, 0x0, 0x0, 0x0, 0x0, 0x0, 0x0,
    0x0, 0x0, 0x0, 0x0, 0x0, 0x0, 0x0, 0xe4,
    0x74, 0x0, 0x0, 0x0, 0x0, 0x0, 0x0, 0x0,
    0x0, 0x0, 0x0, 0x0, 0x0, 0x0, 0x0, 0xe4,
    0x74, 0x0, 0x0, 0x0, 0x0, 0x0, 0x0, 0x0,
    0xa, 0xc, 0xc, 0xc, 0xc, 0xc, 0xc, 0xe5,
    0x7a, 0xc, 0xc, 0xc, 0xc, 0xc, 0xc, 0x4,
    0xd8, 0xff, 0xff, 0xff, 0xff, 0xff, 0xff, 0xff,
    0xff, 0xff, 0xff, 0xff, 0xff, 0xff, 0xff, 0x68,
    0x1b, 0x20, 0x20, 0x20, 0x20, 0x20, 0x20, 0x20,
    0x20, 0x20, 0x20, 0x20, 0x20, 0x20, 0x20, 0xd,

    /* U+4E8E "于" */
    0x0, 0x1c, 0x2c, 0x2c, 0x2c, 0x2c, 0x2c, 0x2c,
    0x2c, 0x2c, 0x2c, 0x2c, 0x2c, 0x2c, 0xc, 0x0,
    0x0, 0xa8, 0xff, 0xff, 0xff, 0xff, 0xff, 0xff,
    0xff, 0xff, 0xff, 0xff, 0xff, 0xff, 0x48, 0x0,
    0x0, 0xa, 0x10, 0x10, 0x10, 0x10, 0x10, 0xa9,
    0xb1, 0x10, 0x10, 0x10, 0x10, 0x10, 0x4, 0x0,
    0x0, 0x0, 0x0, 0x0, 0x0, 0x0, 0x0, 0xa4,
    0xac, 0x0, 0x0, 0x0, 0x0, 0x0, 0x0, 0x0,
    0x0, 0x0, 0x0, 0x0, 0x0, 0x0, 0x0, 0xa4,
    0xac, 0x0, 0x0, 0x0, 0x0, 0x0, 0x0, 0x0,
    0x0, 0x0, 0x0, 0x0, 0x0, 0x0, 0x0, 0xa4,
    0xac, 0x0, 0x0, 0x0, 0x0, 0x0, 0x0, 0x0,
    0xdd, 0xf4, 0xf4, 0xf4, 0xf4, 0xf4, 0xf4, 0xfb,
    0xfc, 0xf4, 0xf4, 0xf4, 0xf4, 0xf4, 0xf4, 0x72,
    0x41, 0x48, 0x48, 0x48, 0x48, 0x48, 0x48, 0xbd,
    0xc3, 0x48, 0x48, 0x48, 0x48, 0x48, 0x48, 0x21,
    0x0, 0x0, 0x0, 0x0, 0x0, 0x0, 0x0, 0xa4,
    0xac, 0x0, 0x0, 0x0, 0x0, 0x0, 0x0, 0x0,
    0x0, 0x0, 0x0, 0x0, 0x0, 0x0, 0x0, 0xa4,
    0xac, 0x0, 0x0, 0x0, 0x0, 0x0, 0x0, 0x0,
    0x0, 0x0, 0x0, 0x0, 0x0, 0x0, 0x0, 0xa4,
    0xac, 0x0, 0x0, 0x0, 0x0, 0x0, 0x0, 0x0,
    0x0, 0x0, 0x0, 0x0, 0x0, 0x0, 0x0, 0xa4,
    0xac, 0x0, 0x0, 0x0, 0x0, 0x0, 0x0, 0x0,
    0x0, 0x0, 0x0, 0x0, 0x0, 0x0, 0x0, 0xa7,
    0xab, 0x0, 0x0, 0x0, 0x0, 0x0, 0x0, 0x0,
    0x0, 0x0, 0x0, 0x16, 0x5f, 0x51, 0x58, 0xe5,
    0x97, 0x0, 0x0, 0x0, 0x0, 0x0, 0x0, 0x0,
    0x0, 0x0, 0x0, 0x17, 0xff, 0xff, 0xfe, 0xd8,
    0x2f, 0x0, 0x0, 0x0, 0x0, 0x0, 0x0, 0x0,
    0x0, 0x0, 0x0, 0x0, 0x1, 0x3, 0x2, 0x0,
    0x0, 0x0, 0x0, 0x0, 0x0, 0x0, 0x0, 0x0,

    /* U+4E94 "五" */
    0x3, 0x38, 0x38, 0x38, 0x38, 0x38, 0x38, 0x38,
    0x38, 0x38, 0x38, 0x38, 0x38, 0x38, 0x38, 0x9,
    0xf, 0xf8, 0xf8, 0xf8, 0xf8, 0xfa, 0xff, 0xf8,
    0xf8, 0xf8, 0xf8, 0xf8, 0xf8, 0xf8, 0xf8, 0x2a,
    0x0, 0x0, 0x0, 0x0, 0x0, 0x6d, 0xe6, 0x0,
    0x0, 0x0, 0x0, 0x0, 0x0, 0x0, 0x0, 0x0,
    0x0, 0x0, 0x0, 0x0, 0x0, 0x94, 0xbf, 0x0,
    0x0, 0x0, 0x0, 0x0, 0x0, 0x0, 0x0, 0x0,
    0x0, 0x0, 0x0, 0x0, 0x0, 0xbb, 0x98, 0x0,
    0x0, 0x0, 0x0, 0x0, 0x0, 0x0, 0x0, 0x0,
    0x0, 0x2a, 0x3c, 0x3c, 0x3c, 0xe5, 0x96, 0x3c,
    0x3c, 0x3c, 0x3c, 0x3c, 0x3c, 0x15, 0x0, 0x0,
    0x0, 0xab, 0xf4, 0xf4, 0xf5, 0xff, 0xf6, 0xf4,
    0xf4, 0xf4, 0xf4, 0xf4, 0xff, 0x5c, 0x0, 0x0,
    0x0, 0x0, 0x0, 0x0, 0x31, 0xff, 0x26, 0x0,
    0x0, 0x0, 0x0, 0x0, 0xf8, 0x5c, 0x0, 0x0,
    0x0, 0x0, 0x0, 0x0, 0x57, 0xfb, 0x4, 0x0,
    0x0, 0x0, 0x0, 0x0, 0xf8, 0x5c, 0x0, 0x0,
    0x0, 0x0, 0x0, 0x0, 0x7d, 0xd8, 0x0, 0x0,
    0x0, 0x0, 0x0, 0x0, 0xf8, 0x5c, 0x0, 0x0,
    0x0, 0x0, 0x0, 0x0, 0xa4, 0xb2, 0x0, 0x0,
    0x0, 0x0, 0x0, 0x0, 0xf8, 0x5c, 0x0, 0x0,
    0x0, 0x0, 0x0, 0x0, 0xca, 0x8b, 0x0, 0x0,
    0x0, 0x0, 0x0, 0x0, 0xf8, 0x5c, 0x0, 0x0,
    0x0, 0x0, 0x0, 0x0, 0xef, 0x64, 0x0, 0x0,
    0x0, 0x0, 0x0, 0x0, 0xf8, 0x5c, 0x0, 0x0,
    0x81, 0xf4, 0xf4, 0xf4, 0xff, 0xf7, 0xf4, 0xf4,
    0xf4, 0xf4, 0xf4, 0xf4, 0xff, 0xf8, 0xf4, 0xe0,
    0x1d, 0x38, 0x38, 0x38, 0x38, 0x38, 0x38, 0x38,
    0x38, 0x38, 0x38, 0x38, 0x38, 0x38, 0x38, 0x33,

    /* U+4F5C "作" */
    0x0, 0x0, 0x0, 0x17, 0x48, 0x4, 0x0, 0x24,
    0x62, 0x2, 0x0, 0x0, 0x0, 0x0, 0x0, 0x0,
    0x0, 0x0, 0x0, 0x6f, 0xea, 0x5, 0x0, 0x88,
    0xcc, 0x0, 0x0, 0x0, 0x0, 0x0, 0x0, 0x0,
    0x0, 0x0, 0x0, 0xc0, 0x91, 0x0, 0x2, 0xde,
    0x71, 0x0, 0x0, 0x0, 0x0, 0x0, 0x0, 0x0,
    0x0, 0x0, 0x22, 0xfe, 0x32, 0x0, 0x4b, 0xff,
    0xf7, 0xf4, 0xf4, 0xf4, 0xf4, 0xf4, 0xf4, 0xe8,
    0x0, 0x0, 0x86, 0xe6, 0x0, 0x0, 0xc6, 0xa0,
    0x24, 0xf5, 0x5e, 0x24, 0x24, 0x24, 0x24, 0x22,
    0x0, 0xe, 0xee, 0xe0, 0x0, 0x52, 0xfa, 0x20,
    0x0, 0xf4, 0x44, 0x0, 0x0, 0x0, 0x0, 0x0,
    0x0, 0x7b, 0xff, 0xe0, 0xe, 0xe5, 0x8f, 0x0,
    0x0, 0xf4, 0x44, 0x0, 0x0, 0x0, 0x0, 0x0,
    0x1b, 0xf3, 0xbc, 0xe0, 0x7, 0x96, 0xe, 0x0,
    0x0, 0xf4, 0xf7, 0xf4, 0xf4, 0xf4, 0xf4, 0x50,
    0x7c, 0xc6, 0x59, 0xe0, 0x0, 0x0, 0x0, 0x0,
    0x0, 0xf4, 0x5e, 0x24, 0x24, 0x24, 0x24, 0xb,
    0x26, 0x2e, 0x58, 0xe0, 0x0, 0x0, 0x0, 0x0,
    0x0, 0xf4, 0x44, 0x0, 0x0, 0x0, 0x0, 0x0,
    0x0, 0x0, 0x58, 0xe0, 0x0, 0x0, 0x0, 0x0,
    0x0, 0xf4, 0x44, 0x0, 0x0, 0x0, 0x0, 0x0,
    0x0, 0x0, 0x58, 0xe0, 0x0, 0x0, 0x0, 0x0,
    0x0, 0xf4, 0xfd, 0xfc, 0xfc, 0xfc, 0xfc, 0x85,
    0x0, 0x0, 0x58, 0xe0, 0x0, 0x0, 0x0, 0x0,
    0x0, 0xf4, 0x58, 0x1c, 0x1c, 0x1c, 0x1c, 0xe,
    0x0, 0x0, 0x58, 0xe0, 0x0, 0x0, 0x0, 0x0,
    0x0, 0xf4, 0x44, 0x0, 0x0, 0x0, 0x0, 0x0,
    0x0, 0x0, 0x58, 0xe0, 0x0, 0x0, 0x0, 0x0,
    0x0, 0xf4, 0x44, 0x0, 0x0, 0x0, 0x0, 0x0,
    0x0, 0x0, 0x58, 0xe0, 0x0, 0x0, 0x0, 0x0,
    0x0, 0xf4, 0x44, 0x0, 0x0, 0x0, 0x0, 0x0,

    /* U+5173 "关" */
    0x0, 0x0, 0x0, 0x4, 0x14, 0x0, 0x0, 0x0,
    0x0, 0x0, 0x0, 0x1e, 0x0, 0x0, 0x0, 0x0,
    0x0, 0x0, 0x0, 0x80, 0xdc, 0x20, 0x0, 0x0,
    0x0, 0x0, 0x1d, 0xf3, 0x75, 0x0, 0x0, 0x0,
    0x0, 0x0, 0x0, 0xa, 0xbe, 0xe4, 0x2a, 0x0,
    0x0, 0x0, 0xb7, 0xd5, 0xc, 0x0, 0x0, 0x0,
    0x0, 0x6, 0x1c, 0x1c, 0x28, 0xc7, 0x44, 0x1c,
    0x1c, 0x6f, 0xf7, 0x41, 0x1c, 0x1c, 0x14, 0x0,
    0x0, 0x38, 0xff, 0xff, 0xff, 0xff, 0xff, 0xff,
    0xff, 0xff, 0xff, 0xff, 0xff, 0xff, 0xb8, 0x0,
    0x0, 0x4, 0x14, 0x14, 0x14, 0x14, 0x14, 0x8e,
    0xd3, 0x14, 0x14, 0x14, 0x14, 0x14, 0xe, 0x0,
    0x0, 0x0, 0x0, 0x0, 0x0, 0x0, 0x0, 0x85,
    0xce, 0x0, 0x0, 0x0, 0x0, 0x0, 0x0, 0x0,
    0x0, 0x0, 0x0, 0x0, 0x0, 0x0, 0x0, 0x88,
    0xcd, 0x0, 0x0, 0x0, 0x0, 0x0, 0x0, 0x0,
    0x22, 0xf4, 0xf4, 0xf4, 0xf4, 0xf4, 0xf4, 0xfa,
    0xfd, 0xf4, 0xf4, 0xf4, 0xf4, 0xf4, 0xf4, 0x9c,
    0x8, 0x3c, 0x3c, 0x3c, 0x3c, 0x3c, 0x3d, 0xed,
    0xff, 0x6d, 0x3c, 0x3c, 0x3c, 0x3c, 0x3c, 0x26,
    0x0, 0x0, 0x0, 0x0, 0x0, 0x0, 0x4f, 0xfd,
    0xb8, 0xc8, 0x2, 0x0, 0x0, 0x0, 0x0, 0x0,
    0x0, 0x0, 0x0, 0x0, 0x0, 0x17, 0xe4, 0xa0,
    0x16, 0xf0, 0x95, 0x1, 0x0, 0x0, 0x0, 0x0,
    0x0, 0x0, 0x0, 0x0, 0x1f, 0xd5, 0xd8, 0xf,
    0x0, 0x4a, 0xfa, 0x9d, 0xa, 0x0, 0x0, 0x0,
    0x0, 0x0, 0x2, 0x63, 0xee, 0xd0, 0x1a, 0x0,
    0x0, 0x0, 0x52, 0xf4, 0xe0, 0x51, 0x2, 0x0,
    0xc, 0x65, 0xd6, 0xfc, 0x8f, 0x9, 0x0, 0x0,
    0x0, 0x0, 0x0, 0x26, 0xc9, 0xff, 0xe3, 0x6e,
    0x1f, 0xe6, 0xa6, 0x29, 0x0, 0x0, 0x0, 0x0,
    0x0, 0x0, 0x0, 0x0, 0x1, 0x4e, 0xbc, 0x31,
    0x0, 0x4, 0x0, 0x0, 0x0, 0x0, 0x0, 0x0,
    0x0, 0x0, 0x0, 0x0, 0x0, 0x0, 0x0, 0x0,

    /* U+521B "创" */
    0x0, 0x0, 0x0, 0x0, 0xe, 0x1e, 0x0, 0x0,
    0x0, 0x0, 0x0, 0x0, 0x0, 0x1, 0x3, 0x0,
    0x0, 0x0, 0x2, 0xca, 0xf1, 0x2a, 0x0, 0x0,
    0x0, 0x0, 0x0, 0x0, 0x54, 0xec, 0x0, 0x0,
    0x0, 0x6d, 0xe8, 0x93, 0xe9, 0x2b, 0x0, 0x0,
    0x93, 0x2d, 0x0, 0x54, 0xec, 0x0, 0x0, 0x2f,
    0xf7, 0x4c, 0x0, 0x95, 0xe9, 0x2c, 0x0, 0xec,
    0x48, 0x0, 0x54, 0xec, 0x0, 0x1d, 0xe3, 0x95,
    0x0, 0x0, 0x1, 0xa0, 0xea, 0x2a, 0xec, 0x48,
    0x0, 0x54, 0xec, 0x26, 0xdc, 0xb9, 0x4, 0x0,
    0x0, 0x0, 0x3, 0x93, 0x1a, 0xec, 0x48, 0x0,
    0x54, 0xec, 0x8a, 0xd1, 0xcc, 0xc0, 0xc0, 0xc0,
    0xc0, 0xc0, 0x47, 0x0, 0xec, 0x48, 0x0, 0x54,
    0xec, 0xb, 0x1c, 0xff, 0x6f, 0x58, 0x58, 0x58,
    0xe9, 0x55, 0x0, 0xec, 0x48, 0x0, 0x54, 0xec,
    0x0, 0x14, 0xff, 0x24, 0x0, 0x0, 0x0, 0xe8,
    0x48, 0x0, 0xec, 0x48, 0x0, 0x54, 0xec, 0x0,
    0x14, 0xff, 0x24, 0x0, 0x0, 0x9, 0xfb, 0x32,
    0x0, 0xec, 0x48, 0x0, 0x54, 0xec, 0x0, 0x14,
    0xff, 0x25, 0x9a, 0x86, 0xb6, 0xea, 0x9, 0x0,
    0xec, 0x48, 0x0, 0x54, 0xec, 0x0, 0x14, 0xff,
    0x24, 0x81, 0x99, 0x8d, 0x2c, 0xd, 0x0, 0xec,
    0x48, 0x0, 0x54, 0xec, 0x0, 0x14, 0xff, 0x24,
    0x0, 0x0, 0x0, 0x0, 0xdc, 0x3f, 0x0, 0x0,
    0x0, 0x54, 0xec, 0x0, 0x14, 0xff, 0x24, 0x0,
    0x0, 0x0, 0x8, 0xfc, 0x28, 0x0, 0x0, 0x0,
    0x56, 0xec, 0x0, 0x6, 0xfc, 0x76, 0x20, 0x20,
    0x22, 0x79, 0xed, 0x3, 0x2f, 0x3e, 0x4a, 0xb6,
    0xda, 0x0, 0x0, 0x7e, 0xf3, 0xff, 0xff, 0xff,
    0xe5, 0x56, 0x0, 0xdc, 0xff, 0xff, 0xeb, 0x59,
    0x0, 0x0, 0x0, 0x0, 0x0, 0x0, 0x0, 0x0,
    0x0, 0x0, 0x0, 0x2, 0x3, 0x0, 0x0,

    /* U+5230 "到" */
    0x0, 0x0, 0x0, 0x0, 0x0, 0x0, 0x0, 0x0,
    0x0, 0x0, 0x0, 0x0, 0x0, 0x0, 0x2b, 0xd,
    0x15, 0x70, 0x70, 0x70, 0x70, 0x70, 0x70, 0x70,
    0x70, 0x57, 0x0, 0x0, 0x0, 0x0, 0xfc, 0x50,
    0x1b, 0x90, 0x90, 0xbc, 0xff, 0x98, 0x90, 0x90,
    0x90, 0x70, 0x51, 0xc0, 0x0, 0x0, 0xfc, 0x50,
    0x0, 0x0, 0x2, 0xcd, 0x9f, 0x0, 0x1f, 0x3e,
    0x0, 0x0, 0x60, 0xe4, 0x0, 0x0, 0xfc, 0x50,
    0x0, 0x0, 0x6a, 0xe9, 0x14, 0x0, 0x66, 0xea,
    0x12, 0x0, 0x60, 0xe4, 0x0, 0x0, 0xfc, 0x50,
    0x0, 0x43, 0xf7, 0x4d, 0x1, 0x14, 0x2d, 0xe1,
    0x99, 0x0, 0x60, 0xe4, 0x0, 0x0, 0xfc, 0x50,
    0x0, 0xd7, 0xfc, 0xe6, 0xfb, 0xff, 0xf1, 0xd8,
    0xfd, 0x37, 0x60, 0xe4, 0x0, 0x0, 0xfc, 0x50,
    0x0, 0x3a, 0x58, 0x3e, 0x57, 0x76, 0x0, 0x0,
    0x9f, 0x51, 0x60, 0xe4, 0x0, 0x0, 0xfc, 0x50,
    0x0, 0x0, 0x0, 0x0, 0x68, 0xd8, 0x0, 0x0,
    0x0, 0x0, 0x60, 0xe4, 0x0, 0x0, 0xfc, 0x50,
    0xb, 0x90, 0x90, 0x90, 0xbd, 0xee, 0x90, 0x90,
    0x90, 0x3c, 0x60, 0xe4, 0x0, 0x0, 0xfc, 0x50,
    0xb, 0x98, 0x98, 0x98, 0xc2, 0xef, 0x98, 0x98,
    0x98, 0x40, 0x60, 0xe4, 0x0, 0x0, 0xfc, 0x50,
    0x0, 0x0, 0x0, 0x0, 0x68, 0xd8, 0x0, 0x0,
    0x0, 0x0, 0x60, 0xe4, 0x0, 0x0, 0xfc, 0x50,
    0x0, 0x0, 0x0, 0x0, 0x68, 0xd8, 0x0, 0x0,
    0x0, 0x0, 0xa, 0x18, 0x0, 0x0, 0xfc, 0x50,
    0x0, 0x0, 0x5, 0x23, 0x8c, 0xea, 0x8d, 0xb4,
    0xdb, 0xa6, 0x0, 0x0, 0x0, 0x0, 0xfd, 0x50,
    0x5a, 0xe1, 0xfd, 0xff, 0xff, 0xee, 0xc9, 0xa4,
    0x7e, 0x41, 0x6, 0x61, 0x4d, 0x73, 0xff, 0x3f,
    0x2a, 0x86, 0x61, 0x3b, 0x15, 0x0, 0x0, 0x0,
    0x0, 0x0, 0x0, 0xf0, 0xff, 0xfb, 0xb5, 0x4,
    0x0, 0x0, 0x0, 0x0, 0x0, 0x0, 0x0, 0x0,
    0x0, 0x0, 0x0, 0x0, 0x2, 0x1, 0x0, 0x0,

    /* U+5236 "制" */
    0x0, 0x0, 0x0, 0x0, 0x11, 0x4a, 0x0, 0x0,
    0x0, 0x0, 0x0, 0x0, 0x0, 0x1a, 0x49, 0x0,
    0x0, 0x88, 0x20, 0x3c, 0xfc, 0x0, 0x0, 0x0,
    0x0, 0x0, 0x0, 0x0, 0x54, 0xec, 0x0, 0x2c,
    0xff, 0x1d, 0x3c, 0xfc, 0x0, 0x0, 0x0, 0x0,
    0x38, 0x96, 0x0, 0x54, 0xec, 0x0, 0x84, 0xfc,
    0xc4, 0xd2, 0xff, 0xc4, 0xc4, 0xc4, 0x49, 0x54,
    0xe0, 0x0, 0x54, 0xec, 0x13, 0xf1, 0x83, 0x54,
    0x7c, 0xfd, 0x54, 0x54, 0x54, 0x1f, 0x54, 0xe0,
    0x0, 0x54, 0xec, 0x3f, 0xc1, 0x2, 0x0, 0x3c,
    0xfc, 0x0, 0x0, 0x0, 0x0, 0x54, 0xe0, 0x0,
    0x54, 0xec, 0x6a, 0x94, 0x94, 0x94, 0xad, 0xfe,
    0x94, 0x94, 0x94, 0x94, 0x5d, 0xe0, 0x0, 0x54,
    0xec, 0x5e, 0x84, 0x84, 0x84, 0xa1, 0xfe, 0x84,
    0x84, 0x84, 0x84, 0x5c, 0xe0, 0x0, 0x54, 0xec,
    0x0, 0x0, 0x0, 0x0, 0x3c, 0xfc, 0x0, 0x0,
    0x0, 0x0, 0x54, 0xe0, 0x0, 0x54, 0xec, 0x0,
    0x66, 0xbc, 0xbc, 0xcb, 0xfe, 0xbc, 0xbc, 0xbc,
    0x4c, 0x54, 0xe0, 0x0, 0x54, 0xec, 0x0, 0x8c,
    0xbc, 0x54, 0x7c, 0xfd, 0x54, 0x54, 0xd5, 0x68,
    0x54, 0xe0, 0x0, 0x54, 0xec, 0x0, 0x8c, 0x9c,
    0x0, 0x3c, 0xfc, 0x0, 0x0, 0xc0, 0x68, 0x50,
    0xd5, 0x0, 0x54, 0xec, 0x0, 0x8c, 0x9c, 0x0,
    0x3c, 0xfc, 0x0, 0x0, 0xc0, 0x68, 0x0, 0x0,
    0x0, 0x54, 0xec, 0x0, 0x8c, 0x9c, 0x0, 0x3c,
    0xfc, 0x25, 0x3d, 0xe7, 0x5a, 0x0, 0x0, 0x0,
    0x56, 0xeb, 0x0, 0x85, 0x94, 0x0, 0x3c, 0xfc,
    0x75, 0xe4, 0xba, 0xf, 0x16, 0x4b, 0x40, 0xae,
    0xd5, 0x0, 0x0, 0x0, 0x0, 0x3c, 0xfc, 0x0,
    0x0, 0x0, 0x0, 0x20, 0xff, 0xff, 0xf0, 0x58,
    0x0, 0x0, 0x0, 0x0, 0x0, 0x0, 0x0, 0x0,
    0x0, 0x0, 0x0, 0x2, 0x3, 0x0, 0x0,

    /* U+52A8 "动" */
    0x0, 0x0, 0x0, 0x0, 0x0, 0x0, 0x0, 0x0,
    0x0, 0xe, 0x48, 0x5, 0x0, 0x0, 0x0, 0x0,
    0x0, 0x0, 0x0, 0x0, 0x0, 0x0, 0x0, 0x0,
    0x0, 0x35, 0xff, 0x11, 0x0, 0x0, 0x0, 0x0,
    0x0, 0xec, 0xf4, 0xf4, 0xf4, 0xf4, 0xf4, 0x48,
    0x0, 0x36, 0xff, 0xf, 0x0, 0x0, 0x0, 0x0,
    0x0, 0x32, 0x34, 0x34, 0x34, 0x34, 0x34, 0x18,
    0x10, 0x44, 0xff, 0x1c, 0x10, 0x10, 0x10, 0x3,
    0x0, 0x0, 0x0, 0x0, 0x0, 0x0, 0x0, 0x8c,
    0xff, 0xff, 0xff, 0xff, 0xff, 0xff, 0xff, 0x3c,
    0x0, 0x0, 0x0, 0x0, 0x0, 0x0, 0x0, 0x11,
    0x20, 0x57, 0xff, 0x21, 0x20, 0x27, 0xff, 0x37,
    0x37, 0x58, 0x58, 0x58, 0x58, 0x58, 0x58, 0x51,
    0x0, 0x46, 0xf9, 0x0, 0x0, 0x10, 0xff, 0x31,
    0x82, 0xd0, 0xd1, 0xff, 0xdd, 0xd0, 0xd0, 0xbf,
    0x0, 0x5d, 0xe5, 0x0, 0x0, 0x19, 0xff, 0x2a,
    0x0, 0x0, 0x3d, 0xf8, 0x14, 0x0, 0x0, 0x0,
    0x0, 0x76, 0xcf, 0x0, 0x0, 0x21, 0xff, 0x24,
    0x0, 0x0, 0x9c, 0xa4, 0x0, 0x3b, 0x0, 0x0,
    0x0, 0x9a, 0xb3, 0x0, 0x0, 0x2a, 0xff, 0x1c,
    0x0, 0xf, 0xf3, 0x38, 0x11, 0xf6, 0x3f, 0x0,
    0x0, 0xde, 0x75, 0x0, 0x0, 0x33, 0xff, 0x13,
    0x0, 0x75, 0xc6, 0x0, 0x0, 0x9e, 0xab, 0x0,
    0x26, 0xff, 0x31, 0x0, 0x0, 0x3c, 0xff, 0xa,
    0x29, 0xf0, 0x4c, 0xa, 0x23, 0x6d, 0xfb, 0x1b,
    0x9a, 0xd7, 0x1, 0x0, 0x0, 0x44, 0xfd, 0x1,
    0x80, 0xff, 0xf6, 0xff, 0xf5, 0xdc, 0xef, 0xa1,
    0xfa, 0x5c, 0x0, 0x0, 0x0, 0x52, 0xf2, 0x0,
    0x13, 0x49, 0x2c, 0xf, 0x0, 0x0, 0x38, 0xdb,
    0xd1, 0x3, 0x28, 0x52, 0x43, 0xbd, 0xc7, 0x0,
    0x0, 0x0, 0x0, 0x0, 0x0, 0x0, 0x74, 0xef,
    0x23, 0x0, 0x4a, 0xff, 0xff, 0xe6, 0x40, 0x0,
    0x0, 0x0, 0x0, 0x0, 0x0, 0x0, 0x4, 0x33,
    0x0, 0x0, 0x0, 0x0, 0x5, 0x0, 0x0, 0x0,

    /* U+5316 "化" */
    0x0, 0x0, 0x0, 0x0, 0x4d, 0x17, 0x0, 0x0,
    0x17, 0x33, 0x0, 0x0, 0x0, 0x0, 0x0, 0x0,
    0x0, 0x0, 0x0, 0x1f, 0xfe, 0x5e, 0x0, 0x0,
    0x6c, 0xec, 0x0, 0x0, 0x0, 0x0, 0x0, 0x0,
    0x0, 0x0, 0x0, 0x7e, 0xe4, 0x5, 0x0, 0x0,
    0x6c, 0xec, 0x0, 0x0, 0x0, 0xa, 0x40, 0x0,
    0x0, 0x0, 0x8, 0xe8, 0x76, 0x0, 0x0, 0x0,
    0x6c, 0xec, 0x0, 0x0, 0x1, 0xac, 0xf2, 0x17,
    0x0, 0x0, 0x6d, 0xfc, 0xf, 0x0, 0x0, 0x0,
    0x6c, 0xec, 0x0, 0x0, 0x84, 0xfc, 0x4a, 0x0,
    0x0, 0x11, 0xec, 0xf8, 0x0, 0x0, 0x0, 0x0,
    0x6c, 0xec, 0x0, 0x82, 0xff, 0x66, 0x0, 0x0,
    0x0, 0x97, 0xff, 0xf8, 0x0, 0x0, 0x0, 0x0,
    0x6c, 0xed, 0x97, 0xfc, 0x6d, 0x0, 0x0, 0x0,
    0x46, 0xfd, 0x9d, 0xf8, 0x0, 0x0, 0x0, 0x0,
    0x6c, 0xff, 0xf2, 0x49, 0x0, 0x0, 0x0, 0x0,
    0xa2, 0x92, 0x58, 0xf8, 0x0, 0x0, 0x1, 0x61,
    0xec, 0xf7, 0x2c, 0x0, 0x0, 0x0, 0x0, 0x0,
    0x29, 0x9, 0x58, 0xf8, 0x0, 0x45, 0xc9, 0xfa,
    0xd2, 0xec, 0x0, 0x0, 0x0, 0x0, 0x0, 0x0,
    0x0, 0x0, 0x58, 0xf8, 0x1d, 0xf4, 0xa8, 0x23,
    0x6c, 0xec, 0x0, 0x0, 0x0, 0x0, 0x24, 0x13,
    0x0, 0x0, 0x58, 0xf8, 0x0, 0x14, 0x0, 0x0,
    0x6c, 0xec, 0x0, 0x0, 0x0, 0x0, 0x85, 0xda,
    0x0, 0x0, 0x58, 0xf8, 0x0, 0x0, 0x0, 0x0,
    0x6c, 0xec, 0x0, 0x0, 0x0, 0x0, 0xa5, 0xb9,
    0x0, 0x0, 0x58, 0xf8, 0x0, 0x0, 0x0, 0x0,
    0x5f, 0xfa, 0x18, 0x0, 0x0, 0xe, 0xe2, 0x90,
    0x0, 0x0, 0x58, 0xf8, 0x0, 0x0, 0x0, 0x0,
    0x19, 0xe9, 0xf9, 0xe8, 0xe8, 0xf7, 0xf1, 0x2b,
    0x0, 0x0, 0x58, 0xf8, 0x0, 0x0, 0x0, 0x0,
    0x0, 0xe, 0x3f, 0x48, 0x48, 0x41, 0x11, 0x0,

    /* U+5355 "单" */
    0x0, 0x0, 0x0, 0x12, 0x30, 0x0, 0x0, 0x0,
    0x0, 0x0, 0xd, 0x30, 0x0, 0x0, 0x0, 0x0,
    0x0, 0x0, 0x0, 0x6d, 0xf1, 0x39, 0x0, 0x0,
    0x0, 0x0, 0xa0, 0xe9, 0x11, 0x0, 0x0, 0x0,
    0x0, 0x0, 0x0, 0x0, 0x96, 0xe5, 0x9, 0x0,
    0x0, 0x52, 0xf8, 0x3b, 0x0, 0x0, 0x0, 0x0,
    0x0, 0x53, 0xf4, 0xf4, 0xf5, 0xfb, 0xf4, 0xf4,
    0xf4, 0xfc, 0xfd, 0xf4, 0xf4, 0xe0, 0x0, 0x0,
    0x0, 0x58, 0xdd, 0x24, 0x24, 0x24, 0x24, 0xda,
    0x79, 0x24, 0x24, 0x24, 0x5e, 0xec, 0x0, 0x0,
    0x0, 0x58, 0xd8, 0x4, 0x4, 0x4, 0x4, 0xd4,
    0x66, 0x4, 0x4, 0x4, 0x46, 0xec, 0x0, 0x0,
    0x0, 0x58, 0xff, 0xff, 0xff, 0xff, 0xff, 0xff,
    0xff, 0xff, 0xff, 0xff, 0xff, 0xec, 0x0, 0x0,
    0x0, 0x58, 0xd9, 0xc, 0xc, 0xc, 0xc, 0xd6,
    0x6b, 0xc, 0xc, 0xc, 0x4c, 0xec, 0x0, 0x0,
    0x0, 0x58, 0xdd, 0x24, 0x24, 0x24, 0x24, 0xda,
    0x79, 0x24, 0x24, 0x24, 0x5e, 0xec, 0x0, 0x0,
    0x0, 0x58, 0xfe, 0xf4, 0xf4, 0xf4, 0xf4, 0xfd,
    0xf8, 0xf4, 0xf4, 0xf4, 0xf7, 0xec, 0x0, 0x0,
    0x0, 0x37, 0x87, 0x0, 0x0, 0x0, 0x0, 0xd4,
    0x64, 0x0, 0x0, 0x0, 0x2a, 0x93, 0x0, 0x0,
    0x27, 0x2c, 0x2c, 0x2c, 0x2c, 0x2c, 0x2c, 0xdb,
    0x7e, 0x2c, 0x2c, 0x2c, 0x2c, 0x2c, 0x2c, 0x14,
    0xdd, 0xf4, 0xf4, 0xf4, 0xf4, 0xf4, 0xf4, 0xfd,
    0xf8, 0xf4, 0xf4, 0xf4, 0xf4, 0xf4, 0xf4, 0x72,
    0x0, 0x0, 0x0, 0x0, 0x0, 0x0, 0x0, 0xd4,
    0x64, 0x0, 0x0, 0x0, 0x0, 0x0, 0x0, 0x0,
    0x0, 0x0, 0x0, 0x0, 0x0, 0x0, 0x0, 0xd4,
    0x64, 0x0, 0x0, 0x0, 0x0, 0x0, 0x0, 0x0,
    0x0, 0x0, 0x0, 0x0, 0x0, 0x0, 0x0, 0xd4,
    0x64, 0x0, 0x0, 0x0, 0x0, 0x0, 0x0, 0x0,

    /* U+53EF "可" */
    0x4, 0x8, 0x8, 0x8, 0x8, 0x8, 0x8, 0x8,
    0x8, 0x8, 0x8, 0x8, 0x8, 0x8, 0x8, 0x7,
    0x84, 0xff, 0xff, 0xff, 0xff, 0xff, 0xff, 0xff,
    0xff, 0xff, 0xff, 0xff, 0xff, 0xff, 0xff, 0xec,
    0x14, 0x28, 0x28, 0x28, 0x28, 0x28, 0x28, 0x28,
    0x28, 0x28, 0x28, 0x28, 0xfc, 0x6e, 0x28, 0x24,
    0x0, 0x0, 0x0, 0x0, 0x0, 0x0, 0x0, 0x0,
    0x0, 0x0, 0x0, 0x0, 0xfc, 0x54, 0x0, 0x0,
    0x0, 0x0, 0x3e, 0x50, 0x50, 0x50, 0x50, 0x50,
    0x50, 0x8, 0x0, 0x0, 0xfc, 0x54, 0x0, 0x0,
    0x0, 0x0, 0xc8, 0xe3, 0xcc, 0xcc, 0xcc, 0xd2,
    0xff, 0x1c, 0x0, 0x0, 0xfc, 0x54, 0x0, 0x0,
    0x0, 0x0, 0xc8, 0x74, 0x0, 0x0, 0x0, 0x20,
    0xff, 0x1c, 0x0, 0x0, 0xfc, 0x54, 0x0, 0x0,
    0x0, 0x0, 0xc8, 0x74, 0x0, 0x0, 0x0, 0x20,
    0xff, 0x1c, 0x0, 0x0, 0xfc, 0x54, 0x0, 0x0,
    0x0, 0x0, 0xc8, 0x74, 0x0, 0x0, 0x0, 0x20,
    0xff, 0x1c, 0x0, 0x0, 0xfc, 0x54, 0x0, 0x0,
    0x0, 0x0, 0xc8, 0x97, 0x40, 0x40, 0x40, 0x58,
    0xff, 0x1c, 0x0, 0x0, 0xfc, 0x54, 0x0, 0x0,
    0x0, 0x0, 0xc8, 0xec, 0xdc, 0xdc, 0xdc, 0xdc,
    0xdc, 0x18, 0x0, 0x0, 0xfc, 0x54, 0x0, 0x0,
    0x0, 0x0, 0xc1, 0x70, 0x0, 0x0, 0x0, 0x0,
    0x0, 0x0, 0x0, 0x0, 0xfc, 0x54, 0x0, 0x0,
    0x0, 0x0, 0x0, 0x0, 0x0, 0x0, 0x0, 0x0,
    0x0, 0x0, 0x0, 0x3, 0xfe, 0x53, 0x0, 0x0,
    0x0, 0x0, 0x0, 0x0, 0x0, 0x0, 0x0, 0x0,
    0x50, 0x57, 0x4e, 0x8a, 0xff, 0x3a, 0x0, 0x0,
    0x0, 0x0, 0x0, 0x0, 0x0, 0x0, 0x0, 0x0,
    0xab, 0xff, 0xff, 0xf8, 0xa4, 0x1, 0x0, 0x0,
    0x0, 0x0, 0x0, 0x0, 0x0, 0x0, 0x0, 0x0,
    0x0, 0x2, 0x3, 0x1, 0x0, 0x0, 0x0, 0x0,

    /* U+53F3 "右" */
    0x0, 0x0, 0x0, 0x0, 0x0, 0x0, 0x0, 0x34,
    0x13, 0x0, 0x0, 0x0, 0x0, 0x0, 0x0, 0x0,
    0x0, 0x0, 0x0, 0x0, 0x0, 0x0, 0x6, 0xe7,
    0x82, 0x0, 0x0, 0x0, 0x0, 0x0, 0x0, 0x0,
    0x0, 0x0, 0x0, 0x0, 0x0, 0x0, 0x5f, 0xf6,
    0x15, 0x0, 0x0, 0x0, 0x0, 0x0, 0x0, 0x0,
    0x26, 0xf4, 0xf4, 0xf4, 0xf4, 0xf4, 0xfb, 0xfd,
    0xf4, 0xf4, 0xf4, 0xf4, 0xf4, 0xf4, 0xf4, 0xcd,
    0x9, 0x3c, 0x3c, 0x3c, 0x3c, 0x91, 0xf5, 0x45,
    0x3c, 0x3c, 0x3c, 0x3c, 0x3c, 0x3c, 0x3c, 0x32,
    0x0, 0x0, 0x0, 0x0, 0x10, 0xe9, 0x83, 0x0,
    0x0, 0x0, 0x0, 0x0, 0x0, 0x0, 0x0, 0x0,
    0x0, 0x0, 0x0, 0x0, 0x96, 0xeb, 0xe, 0x0,
    0x0, 0x0, 0x0, 0x0, 0x0, 0x0, 0x0, 0x0,
    0x0, 0x0, 0x0, 0x34, 0xfd, 0xa0, 0x40, 0x40,
    0x40, 0x40, 0x40, 0x40, 0x40, 0x40, 0x1c, 0x0,
    0x0, 0x0, 0xd, 0xd4, 0xff, 0xf3, 0xf0, 0xf0,
    0xf0, 0xf0, 0xf0, 0xf0, 0xf0, 0xfd, 0x70, 0x0,
    0x0, 0x2, 0xb3, 0xf1, 0xff, 0x38, 0x0, 0x0,
    0x0, 0x0, 0x0, 0x0, 0x0, 0xd0, 0x70, 0x0,
    0x0, 0x8a, 0xfb, 0x4b, 0xff, 0x38, 0x0, 0x0,
    0x0, 0x0, 0x0, 0x0, 0x0, 0xd0, 0x70, 0x0,
    0x3e, 0xff, 0x65, 0x8, 0xff, 0x38, 0x0, 0x0,
    0x0, 0x0, 0x0, 0x0, 0x0, 0xd0, 0x70, 0x0,
    0x1, 0x4c, 0x0, 0x8, 0xff, 0x38, 0x0, 0x0,
    0x0, 0x0, 0x0, 0x0, 0x0, 0xd0, 0x70, 0x0,
    0x0, 0x0, 0x0, 0x8, 0xff, 0x73, 0x4c, 0x4c,
    0x4c, 0x4c, 0x4c, 0x4c, 0x4c, 0xde, 0x70, 0x0,
    0x0, 0x0, 0x0, 0x8, 0xff, 0xe7, 0xe0, 0xe0,
    0xe0, 0xe0, 0xe0, 0xe0, 0xe0, 0xfa, 0x70, 0x0,
    0x0, 0x0, 0x0, 0x8, 0xff, 0x38, 0x0, 0x0,
    0x0, 0x0, 0x0, 0x0, 0x0, 0xd0, 0x70, 0x0,

    /* U+540D "名" */
    0x0, 0x0, 0x0, 0x0, 0x0, 0x0, 0x4, 0x0,
    0x0, 0x0, 0x0, 0x0, 0x0, 0x0, 0x0, 0x0,
    0x0, 0x0, 0x0, 0x0, 0x49, 0xee, 0x29, 0x0,
    0x0, 0x0, 0x0, 0x0, 0x0, 0x0, 0x0, 0x0,
    0x0, 0x0, 0x2c, 0xf0, 0xc6, 0x4c, 0x4c, 0x4c,
    0x4c, 0x4c, 0x4c, 0x4c, 0x1b, 0x0, 0x0, 0x0,
    0x27, 0xe8, 0xda, 0xc8, 0xc8, 0xc8, 0xc8, 0xc8,
    0xc8, 0xe1, 0xff, 0x57, 0x0, 0x0, 0x38, 0xea,
    0xa9, 0x5, 0x0, 0x0, 0x0, 0x0, 0x0, 0x45,
    0xed, 0xa4, 0x3, 0x0, 0x6a, 0xf7, 0x95, 0x22,
    0xbd, 0x2b, 0x0, 0x0, 0x4, 0x79, 0xfc, 0x8f,
    0x2, 0x0, 0x24, 0xea, 0x5d, 0x0, 0x5, 0xa7,
    0xf0, 0x43, 0x3b, 0xd2, 0xef, 0x55, 0x0, 0x0,
    0x0, 0x0, 0x9, 0x0, 0x0, 0x0, 0x2, 0xaf,
    0xfb, 0xfd, 0xa2, 0x16, 0x0, 0x0, 0x0, 0x0,
    0x0, 0x0, 0x0, 0x5, 0x56, 0xc1, 0xfd, 0xac,
    0x30, 0x0, 0x0, 0x0, 0x0, 0x0, 0x0, 0xa,
    0x51, 0xa1, 0xed, 0xff, 0xff, 0xfd, 0xf4, 0xf4,
    0xf4, 0xf4, 0xf4, 0xf4, 0xf4, 0x50, 0x55, 0xf9,
    0xb2, 0xa1, 0xe5, 0x2c, 0x2c, 0x2c, 0x2c, 0x2c,
    0x2c, 0x2c, 0x2c, 0xef, 0x54, 0x0, 0xf, 0x0,
    0x60, 0xe0, 0x0, 0x0, 0x0, 0x0, 0x0, 0x0,
    0x0, 0x0, 0xec, 0x54, 0x0, 0x0, 0x0, 0x60,
    0xe0, 0x0, 0x0, 0x0, 0x0, 0x0, 0x0, 0x0,
    0x0, 0xec, 0x54, 0x0, 0x0, 0x0, 0x60, 0xe0,
    0x0, 0x0, 0x0, 0x0, 0x0, 0x0, 0x0, 0x0,
    0xec, 0x54, 0x0, 0x0, 0x0, 0x60, 0xfe, 0xf4,
    0xf4, 0xf4, 0xf4, 0xf4, 0xf4, 0xf4, 0xf4, 0xff,
    0x54, 0x0, 0x0, 0x0, 0x60, 0xe4, 0x24, 0x24,
    0x24, 0x24, 0x24, 0x24, 0x24, 0x24, 0xee, 0x54,

    /* U+5411 "向" */
    0x0, 0x0, 0x0, 0x0, 0x0, 0x1f, 0x22, 0x0,
    0x0, 0x0, 0x0, 0x0, 0x0, 0x0, 0x0, 0x0,
    0x0, 0x0, 0x0, 0x91, 0xc7, 0x0, 0x0, 0x0,
    0x0, 0x0, 0x0, 0x0, 0x0, 0x0, 0x0, 0x0,
    0x0, 0xdb, 0x68, 0x0, 0x0, 0x0, 0x0, 0x0,
    0x0, 0x0, 0xcd, 0xf4, 0xf4, 0xf4, 0xf4, 0xff,
    0xf6, 0xf4, 0xf4, 0xf4, 0xf4, 0xf4, 0xf4, 0x48,
    0xd8, 0x80, 0x34, 0x34, 0x34, 0x34, 0x34, 0x34,
    0x34, 0x34, 0x34, 0x34, 0xf0, 0x4c, 0xd8, 0x60,
    0x0, 0x0, 0x0, 0x0, 0x0, 0x0, 0x0, 0x0,
    0x0, 0x0, 0xec, 0x4c, 0xd8, 0x60, 0x0, 0x13,
    0x48, 0x48, 0x48, 0x48, 0x48, 0x46, 0x0, 0x0,
    0xec, 0x4c, 0xd8, 0x60, 0x0, 0x44, 0xfc, 0xd8,
    0xd8, 0xd8, 0xe0, 0xfc, 0x0, 0x0, 0xec, 0x4c,
    0xd8, 0x60, 0x0, 0x44, 0xec, 0x0, 0x0, 0x0,
    0x34, 0xfc, 0x0, 0x0, 0xec, 0x4c, 0xd8, 0x60,
    0x0, 0x44, 0xec, 0x0, 0x0, 0x0, 0x34, 0xfc,
    0x0, 0x0, 0xec, 0x4c, 0xd8, 0x60, 0x0, 0x44,
    0xee, 0x24, 0x24, 0x24, 0x50, 0xfc, 0x0, 0x0,
    0xec, 0x4c, 0xd8, 0x60, 0x0, 0x44, 0xff, 0xfc,
    0xfc, 0xfc, 0xfc, 0xf8, 0x0, 0x0, 0xec, 0x4c,
    0xd8, 0x60, 0x0, 0x44, 0xec, 0x0, 0x0, 0x0,
    0x0, 0x0, 0x0, 0x0, 0xec, 0x4c, 0xd8, 0x60,
    0x0, 0x13, 0x42, 0x0, 0x0, 0x0, 0x0, 0x0,
    0x0, 0x0, 0xed, 0x4c, 0xd8, 0x60, 0x0, 0x0,
    0x0, 0x0, 0x0, 0x0, 0x0, 0x45, 0x3c, 0x5a,
    0xff, 0x3e, 0xd8, 0x60, 0x0, 0x0, 0x0, 0x0,
    0x0, 0x0, 0x0, 0xc2, 0xe9, 0xe8, 0xaa, 0x4,

    /* U+5434 "吴" */
    0x0, 0x0, 0x5e, 0xc4, 0xc4, 0xc4, 0xc4, 0xc4,
    0xc4, 0xc4, 0xc4, 0xc4, 0xc4, 0xb4, 0x0, 0x0,
    0x0, 0x0, 0x7c, 0xca, 0x4c, 0x4c, 0x4c, 0x4c,
    0x4c, 0x4c, 0x4c, 0x4c, 0x7b, 0xec, 0x0, 0x0,
    0x0, 0x0, 0x7c, 0xb4, 0x0, 0x0, 0x0, 0x0,
    0x0, 0x0, 0x0, 0x0, 0x44, 0xec, 0x0, 0x0,
    0x0, 0x0, 0x7c, 0xbc, 0x1c, 0x1c, 0x1c, 0x1c,
    0x1c, 0x1c, 0x1c, 0x1c, 0x58, 0xec, 0x0, 0x0,
    0x0, 0x0, 0x7c, 0xfc, 0xf4, 0xf4, 0xf4, 0xf4,
    0xf4, 0xf4, 0xf4, 0xf4, 0xf7, 0xec, 0x0, 0x0,
    0x0, 0x0, 0x2a, 0x3d, 0x0, 0x0, 0x0, 0x0,
    0x0, 0x0, 0x0, 0x0, 0x17, 0x51, 0x0, 0x0,
    0x0, 0xb, 0x24, 0x24, 0x24, 0x24, 0x24, 0x24,
    0x24, 0x24, 0x24, 0x24, 0x24, 0x24, 0x1a, 0x0,
    0x0, 0x4c, 0xf4, 0xf4, 0xf4, 0xf4, 0xf4, 0xf8,
    0xfd, 0xf4, 0xf4, 0xf4, 0xf4, 0xf4, 0xb3, 0x0,
    0x0, 0x0, 0x0, 0x0, 0x0, 0x0, 0x0, 0x6f,
    0xbd, 0x0, 0x0, 0x0, 0x0, 0x0, 0x0, 0x0,
    0xc, 0x30, 0x30, 0x30, 0x30, 0x30, 0x30, 0xa1,
    0xb6, 0x30, 0x30, 0x30, 0x30, 0x30, 0x30, 0x21,
    0x3d, 0xe8, 0xe8, 0xe8, 0xe8, 0xe8, 0xe8, 0xff,
    0xfd, 0xe8, 0xe8, 0xe8, 0xe8, 0xe8, 0xe8, 0xa3,
    0x0, 0x0, 0x0, 0x0, 0x0, 0x0, 0x72, 0xe1,
    0xe3, 0x6e, 0x0, 0x0, 0x0, 0x0, 0x0, 0x0,
    0x0, 0x0, 0x0, 0x0, 0x6, 0x87, 0xf7, 0x3d,
    0x2e, 0xf0, 0x94, 0x10, 0x0, 0x0, 0x0, 0x0,
    0x0, 0x2, 0x2f, 0x85, 0xe7, 0xe1, 0x38, 0x0,
    0x0, 0x23, 0xc4, 0xec, 0x93, 0x40, 0x11, 0x0,
    0x2d, 0xef, 0xff, 0xd2, 0x67, 0x8, 0x0, 0x0,
    0x0, 0x0, 0x2, 0x49, 0xb1, 0xf5, 0xff, 0x9e,
    0x0, 0x51, 0x1b, 0x0, 0x0, 0x0, 0x0, 0x0,
    0x0, 0x0, 0x0, 0x0, 0x0, 0x3, 0x2f, 0x17,

    /* U+5458 "员" */
    0x0, 0x0, 0x35, 0xd4, 0xd4, 0xd4, 0xd4, 0xd4,
    0xd4, 0xd4, 0xd4, 0xd4, 0xd4, 0x35, 0x0, 0x0,
    0x0, 0x0, 0x40, 0xfd, 0x44, 0x44, 0x44, 0x44,
    0x44, 0x44, 0x44, 0x44, 0xff, 0x40, 0x0, 0x0,
    0x0, 0x0, 0x40, 0xfc, 0x0, 0x0, 0x0, 0x0,
    0x0, 0x0, 0x0, 0x0, 0xff, 0x40, 0x0, 0x0,
    0x0, 0x0, 0x40, 0xfc, 0x34, 0x34, 0x34, 0x34,
    0x34, 0x34, 0x34, 0x34, 0xff, 0x40, 0x0, 0x0,
    0x0, 0x0, 0x40, 0xff, 0xe4, 0xe4, 0xe4, 0xe4,
    0xe4, 0xe4, 0xe4, 0xe4, 0xff, 0x40, 0x0, 0x0,
    0x0, 0x0, 0x2, 0x7, 0x0, 0x0, 0x0, 0x0,
    0x0, 0x0, 0x0, 0x0, 0x8, 0x2, 0x0, 0x0,
    0x0, 0x1a, 0xf4, 0xf4, 0xf4, 0xf4, 0xf4, 0xf4,
    0xf4, 0xf4, 0xf4, 0xf4, 0xf4, 0xf4, 0x1e, 0x0,
    0x0, 0x1c, 0xff, 0x42, 0x24, 0x24, 0x24, 0x77,
    0x4f, 0x24, 0x24, 0x24, 0x3f, 0xff, 0x20, 0x0,
    0x0, 0x1c, 0xff, 0x24, 0x0, 0x0, 0x0, 0xda,
    0x69, 0x0, 0x0, 0x0, 0x20, 0xff, 0x20, 0x0,
    0x0, 0x1c, 0xff, 0x24, 0x0, 0x0, 0x0, 0xeb,
    0x5e, 0x0, 0x0, 0x0, 0x20, 0xff, 0x20, 0x0,
    0x0, 0x1c, 0xff, 0x24, 0x0, 0x0, 0x1f, 0xff,
    0x53, 0x0, 0x0, 0x0, 0x20, 0xff, 0x20, 0x0,
    0x0, 0x17, 0xd8, 0x1e, 0x0, 0x0, 0xa3, 0xf5,
    0xfc, 0xbb, 0x53, 0x4, 0x18, 0xc0, 0x18, 0x0,
    0x0, 0x0, 0x0, 0x0, 0x1f, 0xa7, 0xfd, 0x4d,
    0x21, 0x8f, 0xf1, 0xe5, 0x7b, 0x13, 0x0, 0x0,
    0x9, 0x37, 0x6e, 0xb9, 0xfb, 0xd7, 0x41, 0x0,
    0x0, 0x0, 0xd, 0x70, 0xe3, 0xf5, 0x97, 0x25,
    0x56, 0xff, 0xe4, 0xa1, 0x4d, 0x2, 0x0, 0x0,
    0x0, 0x0, 0x0, 0x0, 0x6, 0x65, 0xdc, 0x59,
    0x0, 0x17, 0x0, 0x0, 0x0, 0x0, 0x0, 0x0,
    0x0, 0x0, 0x0, 0x0, 0x0, 0x0, 0x3, 0x0,

    /* U+56DB "四" */
    0xf, 0x28, 0x28, 0x28, 0x28, 0x28, 0x28, 0x28,
    0x28, 0x28, 0x28, 0x28, 0x28, 0x28, 0x2, 0x64,
    0xff, 0xff, 0xff, 0xff, 0xff, 0xff, 0xff, 0xff,
    0xff, 0xff, 0xff, 0xff, 0xff, 0x10, 0x64, 0xed,
    0x18, 0x18, 0x2c, 0xff, 0x44, 0x18, 0x6b, 0xed,
    0x18, 0x18, 0x52, 0xff, 0x10, 0x64, 0xec, 0x0,
    0x0, 0x1b, 0xff, 0x2c, 0x0, 0x5c, 0xec, 0x0,
    0x0, 0x40, 0xff, 0x10, 0x64, 0xec, 0x0, 0x0,
    0x23, 0xff, 0x23, 0x0, 0x5c, 0xec, 0x0, 0x0,
    0x40, 0xff, 0x10, 0x64, 0xec, 0x0, 0x0, 0x33,
    0xff, 0x14, 0x0, 0x5c, 0xec, 0x0, 0x0, 0x40,
    0xff, 0x10, 0x64, 0xec, 0x0, 0x0, 0x51, 0xf7,
    0x1, 0x0, 0x5c, 0xec, 0x0, 0x0, 0x40, 0xff,
    0x10, 0x64, 0xec, 0x0, 0x0, 0x93, 0xca, 0x0,
    0x0, 0x5c, 0xec, 0x0, 0x0, 0x40, 0xff, 0x10,
    0x64, 0xec, 0x0, 0x28, 0xf4, 0x6f, 0x0, 0x0,
    0x4a, 0xff, 0x6f, 0x4d, 0x6b, 0xff, 0x10, 0x64,
    0xec, 0x39, 0xe6, 0xc5, 0x5, 0x0, 0x0, 0x5,
    0xaa, 0xed, 0xf4, 0xa7, 0xff, 0x10, 0x64, 0xec,
    0xa8, 0xb5, 0xe, 0x0, 0x0, 0x0, 0x0, 0x0,
    0x0, 0x0, 0x40, 0xff, 0x10, 0x64, 0xec, 0x3,
    0x1, 0x0, 0x0, 0x0, 0x0, 0x0, 0x0, 0x0,
    0x0, 0x40, 0xff, 0x10, 0x64, 0xef, 0x2c, 0x2c,
    0x2c, 0x2c, 0x2c, 0x2c, 0x2c, 0x2c, 0x2c, 0x2c,
    0x61, 0xff, 0x10, 0x64, 0xff, 0xff, 0xff, 0xff,
    0xff, 0xff, 0xff, 0xff, 0xff, 0xff, 0xff, 0xff,
    0xff, 0x10, 0x64, 0xed, 0x10, 0x10, 0x10, 0x10,
    0x10, 0x10, 0x10, 0x10, 0x10, 0x10, 0x4c, 0xff,
    0x10,

    /* U+56DE "回" */
    0x2f, 0x34, 0x34, 0x34, 0x34, 0x34, 0x34, 0x34,
    0x34, 0x34, 0x34, 0x34, 0x34, 0x2f, 0xec, 0xf8,
    0xf4, 0xf4, 0xf4, 0xf4, 0xf4, 0xf4, 0xf4, 0xf4,
    0xf4, 0xf4, 0xf8, 0xec, 0xec, 0x64, 0x0, 0x0,
    0x0, 0x0, 0x0, 0x0, 0x0, 0x0, 0x0, 0x0,
    0x64, 0xec, 0xec, 0x64, 0x0, 0x0, 0x0, 0x0,
    0x0, 0x0, 0x0, 0x0, 0x0, 0x0, 0x64, 0xec,
    0xec, 0x64, 0x0, 0x48, 0xf4, 0xf4, 0xf4, 0xf4,
    0xf4, 0xf4, 0x35, 0x0, 0x64, 0xec, 0xec, 0x64,
    0x0, 0x4c, 0xee, 0x24, 0x24, 0x24, 0x24, 0xff,
    0x38, 0x0, 0x64, 0xec, 0xec, 0x64, 0x0, 0x4c,
    0xec, 0x0, 0x0, 0x0, 0x0, 0xff, 0x38, 0x0,
    0x64, 0xec, 0xec, 0x64, 0x0, 0x4c, 0xec, 0x0,
    0x0, 0x0, 0x0, 0xff, 0x38, 0x0, 0x64, 0xec,
    0xec, 0x64, 0x0, 0x4c, 0xec, 0x0, 0x0, 0x0,
    0x0, 0xff, 0x38, 0x0, 0x64, 0xec, 0xec, 0x64,
    0x0, 0x4c, 0xff, 0xf8, 0xf8, 0xf8, 0xf8, 0xff,
    0x38, 0x0, 0x64, 0xec, 0xec, 0x64, 0x0, 0x42,
    0xd1, 0x20, 0x20, 0x20, 0x20, 0xe0, 0x31, 0x0,
    0x64, 0xec, 0xec, 0x64, 0x0, 0x0, 0x0, 0x0,
    0x0, 0x0, 0x0, 0x0, 0x0, 0x0, 0x64, 0xec,
    0xec, 0x81, 0x30, 0x30, 0x30, 0x30, 0x30, 0x30,
    0x30, 0x30, 0x30, 0x30, 0x81, 0xec, 0xec, 0xf8,
    0xf4, 0xf4, 0xf4, 0xf4, 0xf4, 0xf4, 0xf4, 0xf4,
    0xf4, 0xf4, 0xf8, 0xec, 0xec, 0x64, 0x0, 0x0,
    0x0, 0x0, 0x0, 0x0, 0x0, 0x0, 0x0, 0x0,
    0x64, 0xec,

    /* U+56FE "图" */
    0xd5, 0xe8, 0xe8, 0xe8, 0xe8, 0xe8, 0xe8, 0xe8,
    0xe8, 0xe8, 0xe8, 0xe8, 0xe8, 0xd5, 0xec, 0x6a,
    0x38, 0x38, 0x3b, 0x97, 0x40, 0x38, 0x38, 0x38,
    0x38, 0x38, 0x6a, 0xec, 0xec, 0x40, 0x0, 0x0,
    0x86, 0xee, 0x20, 0xc, 0xc, 0xc, 0xc, 0x2,
    0x40, 0xec, 0xec, 0x40, 0x0, 0x59, 0xfb, 0xec,
    0xec, 0xec, 0xec, 0xf3, 0xff, 0x3a, 0x40, 0xec,
    0xec, 0x40, 0x6d, 0xf6, 0xe0, 0x58, 0x0, 0x0,
    0x1b, 0xd4, 0x9b, 0x1, 0x40, 0xec, 0xec, 0x4b,
    0xc5, 0x3c, 0x1f, 0xd7, 0x88, 0x60, 0xe8, 0x7f,
    0x1, 0x0, 0x40, 0xec, 0xec, 0x40, 0x0, 0x0,
    0x1e, 0x82, 0xff, 0xfe, 0xc7, 0x53, 0x18, 0x0,
    0x40, 0xec, 0xec, 0x68, 0x97, 0xd4, 0xea, 0x99,
    0x38, 0x18, 0x6f, 0xc2, 0xfa, 0xed, 0x6d, 0xec,
    0xec, 0x52, 0x81, 0x3b, 0x3e, 0xc1, 0x97, 0x6e,
    0x44, 0x17, 0xb, 0x42, 0x40, 0xec, 0xec, 0x40,
    0x0, 0x0, 0x17, 0x53, 0x7a, 0xa7, 0xd7, 0x7f,
    0x0, 0x0, 0x40, 0xec, 0xec, 0x40, 0x0, 0xb2,
    0xa4, 0x7f, 0x5a, 0x32, 0x9, 0x0, 0x0, 0x0,
    0x40, 0xec, 0xec, 0x40, 0x3, 0x54, 0x7c, 0xa4,
    0xcb, 0xf6, 0xfd, 0xda, 0x73, 0x0, 0x40, 0xec,
    0xec, 0x40, 0x0, 0x0, 0x0, 0x0, 0x0, 0x3,
    0x2d, 0x5f, 0x36, 0x0, 0x40, 0xec, 0xec, 0xf7,
    0xf4, 0xf4, 0xf4, 0xf4, 0xf4, 0xf4, 0xf4, 0xf4,
    0xf4, 0xf4, 0xf7, 0xec, 0xec, 0x61, 0x2c, 0x2c,
    0x2c, 0x2c, 0x2c, 0x2c, 0x2c, 0x2c, 0x2c, 0x2c,
    0x61, 0xec,

    /* U+5883 "境" */
    0x0, 0x0, 0x51, 0x13, 0x0, 0x0, 0x0, 0x0,
    0x0, 0x4d, 0x18, 0x0, 0x0, 0x0, 0x0, 0x0,
    0x0, 0x0, 0xec, 0x38, 0x0, 0x0, 0x0, 0x0,
    0x0, 0xbb, 0x92, 0x0, 0x0, 0x0, 0x0, 0x0,
    0x0, 0x0, 0xec, 0x38, 0x0, 0x83, 0xf0, 0xf0,
    0xf0, 0xf7, 0xfd, 0xf0, 0xf0, 0xf0, 0xb7, 0x0,
    0x0, 0x0, 0xec, 0x38, 0x0, 0x0, 0x1, 0x9c,
    0x27, 0x0, 0x0, 0x39, 0x97, 0x4, 0x0, 0x0,
    0x1c, 0x28, 0xef, 0x57, 0x21, 0x0, 0x0, 0x9c,
    0xc4, 0x0, 0x0, 0xc0, 0xa3, 0x0, 0x0, 0x0,
    0xab, 0xf4, 0xff, 0xf6, 0xca, 0xa5, 0xb4, 0xc3,
    0xe8, 0xb4, 0xbb, 0xff, 0xc1, 0xb4, 0xb4, 0x35,
    0x0, 0x0, 0xec, 0x38, 0x0, 0x2c, 0x30, 0x30,
    0x30, 0x30, 0x30, 0x30, 0x30, 0x30, 0x30, 0xe,
    0x0, 0x0, 0xec, 0x38, 0x0, 0x53, 0xe8, 0xe8,
    0xe8, 0xe8, 0xe8, 0xe8, 0xe8, 0xe8, 0x2b, 0x0,
    0x0, 0x0, 0xec, 0x38, 0x0, 0x5c, 0xb8, 0x0,
    0x0, 0x0, 0x0, 0x0, 0x0, 0xe4, 0x30, 0x0,
    0x0, 0x0, 0xec, 0x38, 0x0, 0x5c, 0xf7, 0xe0,
    0xe0, 0xe0, 0xe0, 0xe0, 0xe0, 0xfc, 0x30, 0x0,
    0x0, 0x0, 0xec, 0x38, 0x5, 0x5f, 0xb8, 0x0,
    0x0, 0x0, 0x0, 0x0, 0x0, 0xe4, 0x30, 0x0,
    0x1, 0x2f, 0xf2, 0xcc, 0xf4, 0x7e, 0xf9, 0xe8,
    0xe8, 0xe8, 0xe8, 0xe8, 0xe8, 0xfd, 0x30, 0x0,
    0xbe, 0xff, 0xeb, 0x97, 0x3e, 0x28, 0x4d, 0x38,
    0xef, 0x2, 0x78, 0xa4, 0x0, 0x60, 0x5c, 0x20,
    0x63, 0x48, 0x4, 0x0, 0x0, 0x0, 0x1, 0xae,
    0xa6, 0x0, 0x78, 0xa4, 0x0, 0x0, 0xa6, 0x85,
    0x0, 0x0, 0x0, 0x0, 0x0, 0x39, 0xb9, 0xe3,
    0x17, 0x0, 0x6e, 0xca, 0x11, 0x1b, 0xdd, 0x59,
    0x0, 0x0, 0x0, 0xe, 0xd9, 0xf7, 0x99, 0x16,
    0x0, 0x0, 0x20, 0xd9, 0xff, 0xfd, 0xc1, 0xb,
    0x0, 0x0, 0x0, 0x0, 0x38, 0x11, 0x0, 0x0,
    0x0, 0x0, 0x0, 0x0, 0x0, 0x0, 0x0, 0x0,

    /* U+5907 "备" */
    0x0, 0x0, 0x0, 0x0, 0x0, 0x5f, 0x1a, 0x0,
    0x0, 0x0, 0x0, 0x0, 0x0, 0x0, 0x0, 0x0,
    0x0, 0x0, 0x0, 0x0, 0x0, 0x45, 0xfb, 0x31,
    0x0, 0x0, 0x0, 0x0, 0x0, 0x0, 0x0, 0x0,
    0x0, 0x0, 0x0, 0x0, 0x0, 0x16, 0xe5, 0xfe,
    0xf4, 0xf4, 0xf4, 0xf4, 0xf4, 0xf4, 0xf4, 0xf4,
    0xf, 0x0, 0x0, 0x0, 0x0, 0xa, 0xc6, 0xe1,
    0xeb, 0x34, 0x14, 0x14, 0x14, 0x14, 0x43, 0xed,
    0xa9, 0x2, 0x0, 0x0, 0x0, 0xc, 0xbb, 0xd4,
    0x10, 0x9d, 0xde, 0x2b, 0x0, 0x0, 0x54, 0xf2,
    0xb3, 0x5, 0x0, 0x0, 0x0, 0x0, 0x8f, 0xd7,
    0x19, 0x0, 0x5, 0x97, 0xf9, 0x83, 0xb3, 0xfa,
    0x7a, 0x2, 0x0, 0x0, 0x0, 0x0, 0x0, 0xc,
    0x16, 0x0, 0x0, 0xc, 0x58, 0xe2, 0xff, 0xff,
    0xc2, 0x52, 0x10, 0x0, 0x0, 0x0, 0x0, 0x0,
    0x10, 0x43, 0x78, 0xb2, 0xf7, 0xf1, 0xa0, 0x3d,
    0x5a, 0xb6, 0xf7, 0xfd, 0xda, 0xbd, 0xa0, 0x18,
    0x7, 0xe1, 0xf9, 0xd1, 0x94, 0x4f, 0xe, 0x8,
    0x8, 0x8, 0x8, 0x12, 0x4a, 0x7f, 0xa2, 0x8d,
    0x0, 0x0, 0x17, 0x6, 0xc8, 0xf0, 0xe8, 0xe8,
    0xe8, 0xfe, 0xec, 0xe8, 0xe8, 0xe9, 0xff, 0x10,
    0x0, 0x0, 0x0, 0x0, 0x0, 0xc8, 0x58, 0x0,
    0x0, 0x0, 0xec, 0x34, 0x0, 0x0, 0x10, 0xff,
    0x10, 0x0, 0x0, 0x0, 0x0, 0x0, 0xc8, 0x74,
    0x2c, 0x2c, 0x2c, 0xef, 0x57, 0x2c, 0x2c, 0x39,
    0xff, 0x10, 0x0, 0x0, 0x0, 0x0, 0x0, 0xc8,
    0xd0, 0xb8, 0xb8, 0xb8, 0xfa, 0xc6, 0xb8, 0xb8,
    0xbc, 0xff, 0x10, 0x0, 0x0, 0x0, 0x0, 0x0,
    0xc8, 0x58, 0x0, 0x0, 0x0, 0xec, 0x34, 0x0,
    0x0, 0x10, 0xff, 0x10, 0x0, 0x0, 0x0, 0x0,
    0x0, 0xc8, 0xdd, 0xcc, 0xcc, 0xcc, 0xfb, 0xd6,
    0xcc, 0xcc, 0xcf, 0xff, 0x10, 0x0, 0x0, 0x0,
    0x0, 0x0, 0xc8, 0x6f, 0x24, 0x24, 0x24, 0x24,
    0x24, 0x24, 0x24, 0x31, 0xff, 0x10, 0x0, 0x0,

    /* U+590F "夏" */
    0x1e, 0xc4, 0xc4, 0xc4, 0xc4, 0xc4, 0xc4, 0xc4,
    0xc4, 0xc4, 0xc4, 0xc4, 0xc4, 0xc4, 0xc4, 0x99,
    0x8, 0x34, 0x34, 0x34, 0x34, 0x34, 0x34, 0xda,
    0x96, 0x34, 0x34, 0x34, 0x34, 0x34, 0x34, 0x28,
    0x0, 0x0, 0x58, 0xc4, 0xc4, 0xc4, 0xc4, 0xff,
    0xd3, 0xc4, 0xc4, 0xc4, 0xc4, 0xc4, 0x1b, 0x0,
    0x0, 0x0, 0x74, 0xaf, 0x28, 0x28, 0x28, 0x28,
    0x28, 0x28, 0x28, 0x28, 0x28, 0xf5, 0x24, 0x0,
    0x0, 0x0, 0x74, 0xf4, 0xe0, 0xe0, 0xe0, 0xe0,
    0xe0, 0xe0, 0xe0, 0xe0, 0xe0, 0xfe, 0x24, 0x0,
    0x0, 0x0, 0x74, 0xa0, 0x0, 0x0, 0x0, 0x0,
    0x0, 0x0, 0x0, 0x0, 0x0, 0xf4, 0x24, 0x0,
    0x0, 0x0, 0x74, 0xfa, 0xf0, 0xf0, 0xf0, 0xf0,
    0xf0, 0xf0, 0xf0, 0xf0, 0xf0, 0xff, 0x24, 0x0,
    0x0, 0x0, 0x74, 0xa0, 0x0, 0x0, 0x0, 0x0,
    0x0, 0x0, 0x0, 0x0, 0x0, 0xf4, 0x24, 0x0,
    0x0, 0x0, 0x74, 0xf7, 0xe9, 0xf8, 0xec, 0xe8,
    0xe8, 0xe8, 0xe8, 0xe8, 0xe8, 0xfe, 0x24, 0x0,
    0x0, 0x0, 0x36, 0x4c, 0x9b, 0xd1, 0xb, 0x0,
    0x0, 0x0, 0x0, 0x0, 0x0, 0x4c, 0xb, 0x0,
    0x0, 0x0, 0x9, 0xa6, 0xff, 0xea, 0xe8, 0xe8,
    0xe8, 0xe8, 0xe8, 0xe8, 0xfa, 0xff, 0x12, 0x0,
    0x0, 0x3a, 0xd7, 0xb2, 0xa9, 0xcc, 0x36, 0x0,
    0x0, 0x0, 0x22, 0xa5, 0xe4, 0x4b, 0x0, 0x0,
    0x3e, 0xea, 0x5a, 0x0, 0x0, 0x5d, 0xe0, 0xc6,
    0x72, 0xb6, 0xe8, 0x7a, 0xe, 0x0, 0x0, 0x0,
    0x0, 0xb, 0x0, 0x18, 0x48, 0x84, 0xc6, 0xf9,
    0xcf, 0xfa, 0xe1, 0xab, 0x7c, 0x59, 0x3e, 0x22,
    0x0, 0x83, 0xee, 0xf7, 0xca, 0x93, 0x4d, 0xb,
    0x0, 0xe, 0x4e, 0x88, 0xbb, 0xe8, 0xff, 0x9e,
    0x0, 0x16, 0x2e, 0x4, 0x0, 0x0, 0x0, 0x0,
    0x0, 0x0, 0x0, 0x0, 0x0, 0x0, 0xd, 0xa,

    /* U+5C4F "屏" */
    0x0, 0x0, 0x34, 0x34, 0x34, 0x34, 0x34, 0x34,
    0x34, 0x34, 0x34, 0x34, 0x34, 0x34, 0x2f, 0x0,
    0x0, 0x0, 0xff, 0xe5, 0xe0, 0xe0, 0xe0, 0xe0,
    0xe0, 0xe0, 0xe0, 0xe0, 0xe0, 0xe7, 0xec, 0x0,
    0x0, 0x0, 0xff, 0x28, 0x0, 0x0, 0x0, 0x0,
    0x0, 0x0, 0x0, 0x0, 0x0, 0x3c, 0xec, 0x0,
    0x0, 0x0, 0xff, 0xf5, 0xf4, 0xf4, 0xf4, 0xf4,
    0xf4, 0xf4, 0xf4, 0xf4, 0xf4, 0xf6, 0xec, 0x0,
    0x0, 0x0, 0xff, 0x43, 0x20, 0x20, 0xb7, 0x75,
    0x20, 0x20, 0x20, 0xb4, 0x73, 0x54, 0xec, 0x0,
    0x0, 0x0, 0xff, 0x27, 0x0, 0x0, 0x76, 0xf2,
    0x1f, 0x0, 0x23, 0xfc, 0x4a, 0x0, 0x0, 0x0,
    0x0, 0x0, 0xff, 0x2e, 0x34, 0x34, 0x37, 0xd3,
    0x4f, 0x34, 0xa3, 0xcd, 0x34, 0x34, 0x2b, 0x0,
    0x0, 0x3, 0xff, 0x4a, 0xe0, 0xe0, 0xea, 0xfa,
    0xe0, 0xe0, 0xe0, 0xff, 0xe6, 0xe0, 0xbd, 0x0,
    0x0, 0x11, 0xff, 0x16, 0x0, 0x0, 0x57, 0xd0,
    0x0, 0x0, 0x0, 0xf8, 0x30, 0x0, 0x0, 0x0,
    0x0, 0x24, 0xff, 0x26, 0x20, 0x20, 0x74, 0xd1,
    0x20, 0x20, 0x20, 0xf9, 0x4a, 0x20, 0x20, 0x17,
    0x0, 0x53, 0xfe, 0xf4, 0xf4, 0xf4, 0xfa, 0xfb,
    0xf4, 0xf4, 0xf4, 0xff, 0xf6, 0xf4, 0xf4, 0xb3,
    0x0, 0x92, 0xb5, 0x0, 0x0, 0x0, 0xc5, 0x85,
    0x0, 0x0, 0x0, 0xf8, 0x30, 0x0, 0x0, 0x0,
    0x9, 0xed, 0x63, 0x0, 0x0, 0x53, 0xfc, 0x28,
    0x0, 0x0, 0x0, 0xf8, 0x30, 0x0, 0x0, 0x0,
    0x92, 0xe4, 0x9, 0x0, 0x46, 0xf5, 0x81, 0x0,
    0x0, 0x0, 0x0, 0xf8, 0x30, 0x0, 0x0, 0x0,
    0x84, 0x53, 0x0, 0x1, 0xb0, 0x8a, 0x1, 0x0,
    0x0, 0x0, 0x0, 0xf8, 0x30, 0x0, 0x0, 0x0,
    0x0, 0x0, 0x0, 0x0, 0x1, 0x0, 0x0, 0x0,
    0x0, 0x0, 0x0, 0x0, 0x0, 0x0, 0x0, 0x0,

    /* U+5DE6 "左" */
    0x0, 0x0, 0x0, 0x0, 0x0, 0xf, 0x4a, 0xa,
    0x0, 0x0, 0x0, 0x0, 0x0, 0x0, 0x0, 0x0,
    0x0, 0x0, 0x0, 0x0, 0x0, 0x49, 0xff, 0x11,
    0x0, 0x0, 0x0, 0x0, 0x0, 0x0, 0x0, 0x0,
    0x0, 0x0, 0x0, 0x0, 0x0, 0x77, 0xdf, 0x0,
    0x0, 0x0, 0x0, 0x0, 0x0, 0x0, 0x0, 0x0,
    0x13, 0xf4, 0xf4, 0xf4, 0xf4, 0xfa, 0xfd, 0xf4,
    0xf4, 0xf4, 0xf4, 0xf4, 0xf4, 0xf4, 0xf4, 0xc2,
    0x5, 0x40, 0x40, 0x40, 0x44, 0xf8, 0x86, 0x40,
    0x40, 0x40, 0x40, 0x40, 0x40, 0x40, 0x40, 0x33,
    0x0, 0x0, 0x0, 0x0, 0x44, 0xff, 0x20, 0x0,
    0x0, 0x0, 0x0, 0x0, 0x0, 0x0, 0x0, 0x0,
    0x0, 0x0, 0x0, 0x0, 0x98, 0xd1, 0x0, 0x0,
    0x0, 0x0, 0x0, 0x0, 0x0, 0x0, 0x0, 0x0,
    0x0, 0x0, 0x0, 0xe, 0xf2, 0xa1, 0x3c, 0x3c,
    0x3c, 0x3c, 0x3c, 0x3c, 0x3c, 0x3c, 0x2f, 0x0,
    0x0, 0x0, 0x0, 0x73, 0xfe, 0xf4, 0xf4, 0xf4,
    0xf7, 0xff, 0xf4, 0xf4, 0xf4, 0xf4, 0xc2, 0x0,
    0x0, 0x0, 0xa, 0xe4, 0x9b, 0x0, 0x0, 0x0,
    0x44, 0xff, 0x10, 0x0, 0x0, 0x0, 0x0, 0x0,
    0x0, 0x0, 0x82, 0xf6, 0x1e, 0x0, 0x0, 0x0,
    0x44, 0xff, 0x10, 0x0, 0x0, 0x0, 0x0, 0x0,
    0x0, 0x23, 0xf6, 0x7c, 0x0, 0x0, 0x0, 0x0,
    0x44, 0xff, 0x10, 0x0, 0x0, 0x0, 0x0, 0x0,
    0x5, 0xc9, 0xd0, 0x5, 0x0, 0x0, 0x0, 0x0,
    0x44, 0xff, 0x10, 0x0, 0x0, 0x0, 0x0, 0x0,
    0x73, 0xf6, 0x2c, 0x7, 0x8, 0x8, 0x8, 0x8,
    0x49, 0xff, 0x17, 0x8, 0x8, 0x8, 0x8, 0x6,
    0x18, 0x53, 0x0, 0xf4, 0xff, 0xff, 0xff, 0xff,
    0xff, 0xff, 0xff, 0xff, 0xff, 0xff, 0xff, 0xcc,
    0x0, 0x0, 0x0, 0x26, 0x28, 0x28, 0x28, 0x28,
    0x28, 0x28, 0x28, 0x28, 0x28, 0x28, 0x28, 0x1f,

    /* U+5E55 "幕" */
    0x0, 0x0, 0x0, 0x0, 0x0, 0xd, 0x8, 0x0,
    0x0, 0x0, 0x14, 0x1, 0x0, 0x0, 0x0, 0x0,
    0x0, 0x0, 0x0, 0x0, 0x0, 0x0, 0xa8, 0x70,
    0x0, 0x0, 0x8, 0xff, 0x10, 0x0, 0x0, 0x0,
    0x0, 0x0, 0x36, 0xe8, 0xe8, 0xe8, 0xe8, 0xf7,
    0xf2, 0xe8, 0xe8, 0xe8, 0xff, 0xe9, 0xe8, 0xe8,
    0xe8, 0x94, 0x0, 0x0, 0x0, 0x0, 0x0, 0x0,
    0x70, 0x4b, 0x0, 0x0, 0x5, 0xac, 0xa, 0x0,
    0x0, 0x0, 0x0, 0x0, 0x0, 0x0, 0x5c, 0xf7,
    0xe0, 0xe0, 0xe0, 0xe0, 0xe0, 0xe0, 0xe0, 0xe0,
    0xea, 0xc4, 0x0, 0x0, 0x0, 0x0, 0x0, 0x5c,
    0xc8, 0x30, 0x30, 0x30, 0x30, 0x30, 0x30, 0x30,
    0x30, 0x74, 0xc4, 0x0, 0x0, 0x0, 0x0, 0x0,
    0x5c, 0xe8, 0xa8, 0xa8, 0xa8, 0xa8, 0xa8, 0xa8,
    0xa8, 0xa8, 0xc4, 0xc4, 0x0, 0x0, 0x0, 0x0,
    0x0, 0x5c, 0xd7, 0x68, 0x68, 0x68, 0x68, 0x68,
    0x68, 0x68, 0x68, 0x99, 0xc4, 0x0, 0x0, 0x0,
    0x0, 0x0, 0x4a, 0xb7, 0x74, 0xb1, 0xeb, 0x7b,
    0x74, 0x74, 0x74, 0x74, 0x92, 0x9f, 0x0, 0x0,
    0x0, 0x12, 0xe8, 0xe8, 0xe8, 0xe8, 0xfe, 0xf3,
    0xe8, 0xe8, 0xe8, 0xe8, 0xe8, 0xe8, 0xe8, 0xe8,
    0x74, 0x0, 0x0, 0x0, 0x1f, 0xb9, 0xc4, 0x19,
    0x0, 0x64, 0xac, 0x0, 0x7, 0x9b, 0xc1, 0x31,
    0x0, 0x0, 0x0, 0x16, 0x8a, 0xf0, 0xe1, 0xb1,
    0xac, 0xac, 0xcc, 0xe4, 0xac, 0xac, 0xac, 0xee,
    0xf2, 0xbe, 0x5d, 0x0, 0x55, 0xbf, 0x2a, 0x9c,
    0x8d, 0x34, 0x34, 0x83, 0xbd, 0x34, 0x34, 0x34,
    0xec, 0x30, 0x79, 0x90, 0x0, 0x0, 0x0, 0x0,
    0x9c, 0x70, 0x0, 0x0, 0x64, 0xac, 0x4, 0x3,
    0xd, 0xf5, 0x1e, 0x0, 0x0, 0x0, 0x0, 0x0,
    0x0, 0x9c, 0x70, 0x0, 0x0, 0x64, 0xac, 0x2d,
    0xfd, 0xfa, 0xbf, 0x2, 0x0, 0x0, 0x0, 0x0,
    0x0, 0x0, 0x4, 0x3, 0x0, 0x0, 0x64, 0xac,
    0x0, 0x0, 0x2, 0x0, 0x0, 0x0, 0x0, 0x0,

    /* U+5E74 "年" */
    0x0, 0x0, 0x0, 0x2f, 0x77, 0x4, 0x0, 0x0,
    0x0, 0x0, 0x0, 0x0, 0x0, 0x0, 0x0, 0x0,
    0x0, 0x0, 0x0, 0xa0, 0xc2, 0x0, 0x0, 0x0,
    0x0, 0x0, 0x0, 0x0, 0x0, 0x0, 0x0, 0x0,
    0x0, 0x0, 0x21, 0xfa, 0xe5, 0xcc, 0xcc, 0xcc,
    0xcc, 0xcc, 0xcc, 0xcc, 0xcc, 0xcc, 0xcc, 0x19,
    0x0, 0x0, 0xaa, 0xc2, 0x54, 0x54, 0x54, 0x54,
    0xba, 0xc4, 0x54, 0x54, 0x54, 0x54, 0x54, 0xa,
    0x0, 0x52, 0xfa, 0x29, 0x0, 0x0, 0x0, 0x0,
    0x98, 0xa8, 0x0, 0x0, 0x0, 0x0, 0x0, 0x0,
    0x25, 0xf0, 0x7d, 0x0, 0x0, 0x0, 0x0, 0x0,
    0x98, 0xa8, 0x0, 0x0, 0x0, 0x0, 0x0, 0x0,
    0x12, 0x8c, 0x14, 0xe4, 0xe4, 0xe4, 0xe4, 0xe4,
    0xf4, 0xf6, 0xe4, 0xe4, 0xe4, 0xe4, 0xbc, 0x0,
    0x0, 0x0, 0x14, 0xff, 0x50, 0x34, 0x34, 0x34,
    0xad, 0xb9, 0x34, 0x34, 0x34, 0x34, 0x2b, 0x0,
    0x0, 0x0, 0x14, 0xff, 0x24, 0x0, 0x0, 0x0,
    0x98, 0xa8, 0x0, 0x0, 0x0, 0x0, 0x0, 0x0,
    0x0, 0x0, 0x14, 0xff, 0x24, 0x0, 0x0, 0x0,
    0x98, 0xa8, 0x0, 0x0, 0x0, 0x0, 0x0, 0x0,
    0x19, 0x2c, 0x3c, 0xff, 0x49, 0x2c, 0x2c, 0x2c,
    0xa9, 0xb7, 0x2c, 0x2c, 0x2c, 0x2c, 0x2c, 0x28,
    0x8d, 0xf4, 0xf4, 0xf4, 0xf4, 0xf4, 0xf4, 0xf4,
    0xfb, 0xfb, 0xf4, 0xf4, 0xf4, 0xf4, 0xf4, 0xe0,
    0x0, 0x0, 0x0, 0x0, 0x0, 0x0, 0x0, 0x0,
    0x98, 0xa8, 0x0, 0x0, 0x0, 0x0, 0x0, 0x0,
    0x0, 0x0, 0x0, 0x0, 0x0, 0x0, 0x0, 0x0,
    0x98, 0xa8, 0x0, 0x0, 0x0, 0x0, 0x0, 0x0,
    0x0, 0x0, 0x0, 0x0, 0x0, 0x0, 0x0, 0x0,
    0x98, 0xa8, 0x0, 0x0, 0x0, 0x0, 0x0, 0x0,
    0x0, 0x0, 0x0, 0x0, 0x0, 0x0, 0x0, 0x0,
    0x98, 0xa8, 0x0, 0x0, 0x0, 0x0, 0x0, 0x0,

    /* U+5EFA "建" */
    0x0, 0x0, 0x0, 0x0, 0x0, 0x0, 0x0, 0x0,
    0x0, 0x42, 0x10, 0x0, 0x0, 0x0, 0x0, 0x0,
    0x0, 0x0, 0x0, 0x0, 0x0, 0x0, 0x0, 0x0,
    0x0, 0xec, 0x3c, 0x0, 0x0, 0x0, 0x0, 0x0,
    0x6f, 0xc0, 0xc0, 0xc0, 0xc0, 0x18, 0xc0, 0xc0,
    0xc0, 0xfb, 0xcf, 0xc0, 0xc0, 0xba, 0x0, 0x0,
    0x2e, 0x50, 0x50, 0xc5, 0xd6, 0x7, 0x30, 0x30,
    0x30, 0xef, 0x60, 0x30, 0x50, 0xf8, 0x0, 0x0,
    0x0, 0x0, 0x5b, 0xef, 0x25, 0x65, 0x74, 0x74,
    0x74, 0xf5, 0x94, 0x74, 0x89, 0xfb, 0x74, 0x46,
    0x0, 0x33, 0xf4, 0x48, 0x0, 0x73, 0x84, 0x84,
    0x84, 0xf6, 0xa1, 0x84, 0x97, 0xfc, 0x84, 0x50,
    0x14, 0xe2, 0x85, 0x10, 0x10, 0x3, 0x20, 0x20,
    0x20, 0xee, 0x54, 0x20, 0x43, 0xf8, 0x0, 0x0,
    0x44, 0xff, 0xff, 0xff, 0xff, 0x18, 0xd4, 0xd4,
    0xd4, 0xfc, 0xde, 0xd4, 0xda, 0xf8, 0x0, 0x0,
    0x1, 0xd, 0x4, 0x3d, 0xea, 0x0, 0x0, 0x0,
    0x0, 0xec, 0x3c, 0x0, 0xa, 0x3e, 0x0, 0x0,
    0x5e, 0xb6, 0x0, 0x66, 0xbb, 0x3d, 0xd0, 0xd0,
    0xd0, 0xfc, 0xdb, 0xd0, 0xd0, 0xd0, 0x3a, 0x0,
    0x20, 0xf8, 0x14, 0xa5, 0x88, 0x9, 0x20, 0x20,
    0x20, 0xee, 0x54, 0x20, 0x20, 0x20, 0x9, 0x0,
    0x0, 0xb4, 0x9c, 0xf5, 0x2c, 0x6b, 0x84, 0x84,
    0x84, 0xf6, 0xa1, 0x84, 0x84, 0x84, 0x84, 0x0,
    0x0, 0x2d, 0xf9, 0xc9, 0x0, 0x57, 0x6c, 0x6c,
    0x6c, 0xf4, 0x8e, 0x6c, 0x6c, 0x6c, 0x6c, 0x0,
    0x0, 0x23, 0xf5, 0xf6, 0x5d, 0x0, 0x0, 0x0,
    0x0, 0xec, 0x3c, 0x0, 0x0, 0x0, 0x0, 0x0,
    0x7, 0xc4, 0x9b, 0x55, 0xf4, 0xcb, 0x75, 0x40,
    0x2b, 0x29, 0x23, 0x21, 0x23, 0x29, 0x2f, 0x28,
    0x8e, 0xd3, 0xe, 0x0, 0x17, 0x82, 0xc9, 0xeb,
    0xfb, 0xfd, 0xff, 0xff, 0xff, 0xff, 0xff, 0x7e,
    0x2d, 0x19, 0x0, 0x0, 0x0, 0x0, 0x0, 0x0,
    0x0, 0x0, 0x0, 0x0, 0x1, 0x2, 0x3, 0x1,

    /* U+5F00 "开" */
    0x9, 0x2c, 0x2c, 0x2c, 0x2c, 0x2c, 0x2c, 0x2c,
    0x2c, 0x2c, 0x2c, 0x2c, 0x2c, 0x2c, 0x23, 0x0,
    0x38, 0xff, 0xff, 0xff, 0xff, 0xff, 0xff, 0xff,
    0xff, 0xff, 0xff, 0xff, 0xff, 0xff, 0xcc, 0x0,
    0x3, 0x10, 0x10, 0x10, 0xd6, 0x7c, 0x10, 0x10,
    0x10, 0x10, 0xb1, 0xa2, 0x10, 0x10, 0xc, 0x0,
    0x0, 0x0, 0x0, 0x0, 0xd4, 0x74, 0x0, 0x0,
    0x0, 0x0, 0xac, 0x9c, 0x0, 0x0, 0x0, 0x0,
    0x0, 0x0, 0x0, 0x0, 0xd4, 0x74, 0x0, 0x0,
    0x0, 0x0, 0xac, 0x9c, 0x0, 0x0, 0x0, 0x0,
    0x0, 0x0, 0x0, 0x0, 0xd4, 0x74, 0x0, 0x0,
    0x0, 0x0, 0xac, 0x9c, 0x0, 0x0, 0x0, 0x0,
    0x41, 0x48, 0x48, 0x48, 0xe0, 0x9b, 0x48, 0x48,
    0x48, 0x48, 0xc3, 0xb8, 0x48, 0x48, 0x48, 0x21,
    0xdd, 0xf4, 0xf4, 0xf4, 0xfd, 0xf9, 0xf4, 0xf4,
    0xf4, 0xf4, 0xfc, 0xfb, 0xf4, 0xf4, 0xf4, 0x72,
    0x0, 0x0, 0x0, 0x0, 0xdc, 0x6b, 0x0, 0x0,
    0x0, 0x0, 0xac, 0x9c, 0x0, 0x0, 0x0, 0x0,
    0x0, 0x0, 0x0, 0x0, 0xf1, 0x57, 0x0, 0x0,
    0x0, 0x0, 0xac, 0x9c, 0x0, 0x0, 0x0, 0x0,
    0x0, 0x0, 0x0, 0x24, 0xff, 0x2e, 0x0, 0x0,
    0x0, 0x0, 0xac, 0x9c, 0x0, 0x0, 0x0, 0x0,
    0x0, 0x0, 0x0, 0x91, 0xe3, 0x1, 0x0, 0x0,
    0x0, 0x0, 0xac, 0x9c, 0x0, 0x0, 0x0, 0x0,
    0x0, 0x0, 0x63, 0xfe, 0x64, 0x0, 0x0, 0x0,
    0x0, 0x0, 0xac, 0x9c, 0x0, 0x0, 0x0, 0x0,
    0x16, 0xa0, 0xff, 0x86, 0x0, 0x0, 0x0, 0x0,
    0x0, 0x0, 0xac, 0x9c, 0x0, 0x0, 0x0, 0x0,
    0x73, 0xe7, 0x53, 0x0, 0x0, 0x0, 0x0, 0x0,
    0x0, 0x0, 0xac, 0x9c, 0x0, 0x0, 0x0, 0x0,
    0x0, 0xc, 0x0, 0x0, 0x0, 0x0, 0x0, 0x0,
    0x0, 0x0, 0x0, 0x0, 0x0, 0x0, 0x0, 0x0,

    /* U+5F20 "张" */
    0x7, 0x40, 0x40, 0x40, 0x40, 0x39, 0x0, 0x48,
    0xec, 0x0, 0x0, 0x0, 0x0, 0x0, 0x1, 0x0,
    0x0, 0x16, 0xd0, 0xd0, 0xd0, 0xdc, 0xe4, 0x0,
    0x48, 0xec, 0x0, 0x0, 0x0, 0x0, 0x63, 0xcc,
    0xd, 0x0, 0x0, 0x0, 0x0, 0x0, 0x44, 0xe4,
    0x0, 0x48, 0xec, 0x0, 0x0, 0x4, 0x91, 0xf9,
    0x67, 0x0, 0x0, 0x0, 0x0, 0x0, 0x0, 0x44,
    0xe4, 0x0, 0x48, 0xec, 0x0, 0x33, 0xcf, 0xe1,
    0x37, 0x0, 0x0, 0x0, 0x0, 0xb6, 0xf4, 0xf4,
    0xf7, 0xe4, 0x0, 0x48, 0xec, 0x5d, 0xfa, 0x96,
    0xd, 0x0, 0x0, 0x0, 0x0, 0x0, 0xd6, 0x65,
    0x1c, 0x58, 0xe4, 0x0, 0x48, 0xec, 0x12, 0x3c,
    0x0, 0x0, 0x0, 0x0, 0x0, 0x0, 0x0, 0xed,
    0x3d, 0x0, 0x0, 0x12, 0x78, 0x9e, 0xf5, 0x78,
    0x78, 0x78, 0x78, 0x78, 0x78, 0x5f, 0x0, 0x5,
    0xfe, 0x27, 0x0, 0x0, 0x15, 0x8c, 0xac, 0xf6,
    0x8c, 0xd2, 0xc8, 0x8c, 0x8c, 0x8c, 0x6f, 0x0,
    0x1b, 0xff, 0xff, 0xff, 0xff, 0xbf, 0x0, 0x48,
    0xec, 0x0, 0x5d, 0xcf, 0x0, 0x0, 0x0, 0x0,
    0x0, 0x2, 0x10, 0x10, 0x10, 0x82, 0xb0, 0x0,
    0x48, 0xec, 0x0, 0xd, 0xf4, 0x3f, 0x0, 0x0,
    0x0, 0x0, 0x0, 0x0, 0x0, 0x0, 0x87, 0xa1,
    0x0, 0x48, 0xec, 0x0, 0x0, 0x82, 0xd4, 0x5,
    0x0, 0x0, 0x0, 0x0, 0x0, 0x0, 0x0, 0x99,
    0x90, 0x0, 0x48, 0xec, 0x0, 0x2, 0x18, 0xe2,
    0x9d, 0x0, 0x0, 0x0, 0x0, 0x0, 0x0, 0x0,
    0xb5, 0x7e, 0x0, 0x48, 0xec, 0x3d, 0xcc, 0x5b,
    0x36, 0xf8, 0x97, 0x6, 0x0, 0x0, 0x4b, 0x3d,
    0x52, 0xf4, 0x50, 0x0, 0x73, 0xfe, 0xfd, 0x9a,
    0x17, 0x0, 0x52, 0xf8, 0xb6, 0x0, 0x0, 0xd4,
    0xff, 0xfb, 0xab, 0x3, 0x0, 0x95, 0xd1, 0x31,
    0x0, 0x0, 0x0, 0x0, 0x40, 0x34, 0x0, 0x0,
    0x0, 0x4, 0x3, 0x0, 0x0, 0x0, 0x8, 0xc,
    0x0, 0x0, 0x0, 0x0, 0x0, 0x0, 0x0, 0x0,

    /* U+6001 "态" */
    0x0, 0x0, 0x0, 0x0, 0x0, 0x0, 0x0, 0x8c,
    0x7c, 0x0, 0x0, 0x0, 0x0, 0x0, 0x0, 0x0,
    0x4, 0x18, 0x18, 0x18, 0x18, 0x18, 0x18, 0xc1,
    0x86, 0x18, 0x18, 0x18, 0x18, 0x18, 0x18, 0x4,
    0x30, 0xff, 0xff, 0xff, 0xff, 0xff, 0xff, 0xff,
    0xff, 0xff, 0xff, 0xff, 0xff, 0xff, 0xff, 0x30,
    0x0, 0x4, 0x4, 0x4, 0x4, 0x4, 0x64, 0xef,
    0xf2, 0x3e, 0x4, 0x4, 0x4, 0x4, 0x4, 0x0,
    0x0, 0x0, 0x0, 0x0, 0x0, 0x24, 0xed, 0x72,
    0x6d, 0xe6, 0x20, 0x0, 0x0, 0x0, 0x0, 0x0,
    0x0, 0x0, 0x0, 0x0, 0x36, 0xe4, 0xbe, 0x2,
    0x0, 0xa2, 0xe9, 0x39, 0x0, 0x0, 0x0, 0x0,
    0x0, 0x0, 0x11, 0x8b, 0xfb, 0xc1, 0xf4, 0x63,
    0x0, 0x2, 0x97, 0xfc, 0x95, 0x14, 0x0, 0x0,
    0x2c, 0x93, 0xf3, 0xea, 0x5f, 0x0, 0x47, 0xf2,
    0x83, 0x0, 0x0, 0x55, 0xea, 0xf7, 0xab, 0x31,
    0x63, 0xe7, 0x7b, 0xd, 0x0, 0x0, 0x0, 0x37,
    0x35, 0x0, 0x0, 0x0, 0xf, 0x75, 0xd3, 0x1b,
    0x2, 0x6, 0xc, 0x0, 0x4d, 0x36, 0x3e, 0xd6,
    0x21, 0x0, 0x0, 0x0, 0x10, 0x23, 0x0, 0x0,
    0x0, 0x32, 0xf6, 0x10, 0xb8, 0x80, 0x2, 0x9e,
    0xe7, 0x31, 0x1, 0x3, 0x82, 0xdc, 0x13, 0x0,
    0x0, 0x88, 0xbf, 0x0, 0xb8, 0x80, 0x0, 0x1,
    0x8e, 0x2c, 0x1d, 0xe5, 0x19, 0xc9, 0xc0, 0x5,
    0x8, 0xe9, 0x5f, 0x0, 0xb8, 0x80, 0x0, 0x0,
    0x0, 0x0, 0x3f, 0xf7, 0x2, 0x1e, 0xec, 0x80,
    0x4f, 0xea, 0x8, 0x0, 0xa6, 0xbe, 0x24, 0x1c,
    0x1c, 0x26, 0xaa, 0xc4, 0x0, 0x0, 0x32, 0xc,
    0x0, 0xf, 0x0, 0x0, 0x35, 0xdd, 0xff, 0xff,
    0xff, 0xfe, 0xdc, 0x3c, 0x0, 0x0, 0x0, 0x0,

    /* U+6210 "成" */
    0x0, 0x0, 0x0, 0x0, 0x0, 0x0, 0x0, 0x0,
    0x0, 0x4, 0x0, 0x0, 0x0, 0x0, 0x0, 0x0,
    0x0, 0x0, 0x0, 0x0, 0x0, 0x0, 0x0, 0x0,
    0x1b, 0xff, 0x2d, 0x5e, 0xbf, 0x25, 0x0, 0x0,
    0x0, 0x0, 0x0, 0x0, 0x0, 0x0, 0x0, 0x0,
    0x10, 0xff, 0x30, 0x7, 0x91, 0xf6, 0x34, 0x0,
    0x0, 0xb, 0x58, 0x58, 0x58, 0x58, 0x58, 0x58,
    0x5c, 0xff, 0x7b, 0x58, 0x58, 0x8d, 0x58, 0x34,
    0x0, 0x20, 0xff, 0xd6, 0xd0, 0xd0, 0xd0, 0xd0,
    0xd0, 0xfe, 0xdc, 0xd0, 0xd0, 0xd0, 0xd0, 0x7b,
    0x0, 0x20, 0xff, 0x20, 0x0, 0x0, 0x0, 0x0,
    0x0, 0xef, 0x49, 0x0, 0x0, 0x0, 0x0, 0x0,
    0x0, 0x20, 0xff, 0x27, 0x8, 0x8, 0x8, 0x4,
    0x0, 0xe1, 0x58, 0x0, 0x0, 0x6b, 0x47, 0x0,
    0x0, 0x20, 0xff, 0xff, 0xff, 0xff, 0xff, 0x82,
    0x0, 0xcd, 0x6f, 0x0, 0x13, 0xf5, 0x60, 0x0,
    0x0, 0x29, 0xff, 0x34, 0x20, 0x20, 0xc8, 0x78,
    0x0, 0xb2, 0x8c, 0x0, 0x7f, 0xdc, 0x4, 0x0,
    0x0, 0x35, 0xff, 0x6, 0x0, 0x0, 0xca, 0x6d,
    0x0, 0x8d, 0xb5, 0x21, 0xf5, 0x5f, 0x0, 0x0,
    0x0, 0x4c, 0xf1, 0x0, 0x0, 0x0, 0xd7, 0x5f,
    0x0, 0x5b, 0xed, 0xba, 0xbb, 0x1, 0x0, 0x0,
    0x0, 0x77, 0xc6, 0x0, 0x0, 0x0, 0xea, 0x4f,
    0x0, 0x16, 0xfd, 0xf0, 0x1d, 0x0, 0x22, 0x2d,
    0x0, 0xb1, 0x94, 0x1d, 0x18, 0x41, 0xff, 0x2c,
    0x0, 0x63, 0xfe, 0xb3, 0x0, 0x0, 0x6c, 0xd1,
    0xf, 0xf8, 0x47, 0x8c, 0xff, 0xff, 0xac, 0x0,
    0x6e, 0xfd, 0x98, 0xfd, 0x43, 0x0, 0x92, 0xa6,
    0x89, 0xe3, 0x3, 0xc, 0x23, 0x1c, 0x8, 0xa5,
    0xfb, 0x64, 0x0, 0x88, 0xf0, 0x7a, 0xe5, 0x6f,
    0x96, 0x58, 0x0, 0x0, 0x0, 0x0, 0x1, 0x8b,
    0x3b, 0x0, 0x0, 0x0, 0x75, 0xe2, 0xd2, 0x15,
    0x5, 0x0, 0x0, 0x0, 0x0, 0x0, 0x0, 0x0,
    0x0, 0x0, 0x0, 0x0, 0x0, 0x0, 0x0, 0x0,

    /* U+6298 "折" */
    0x0, 0x0, 0x3d, 0xec, 0x0, 0x0, 0x0, 0x0,
    0x0, 0x7, 0x11, 0x27, 0x42, 0x5e, 0x79, 0xc,
    0x0, 0x0, 0x40, 0xf8, 0x0, 0x0, 0x30, 0xf3,
    0xfc, 0xff, 0xff, 0xf2, 0xdf, 0xc9, 0xb2, 0x2e,
    0x5, 0x10, 0x4c, 0xf8, 0x10, 0xe, 0x34, 0xff,
    0x1f, 0x11, 0x3, 0x0, 0x0, 0x0, 0x0, 0x0,
    0x54, 0xff, 0xff, 0xff, 0xff, 0xe8, 0x34, 0xff,
    0x4, 0x0, 0x0, 0x0, 0x0, 0x0, 0x0, 0x0,
    0x1, 0x4, 0x43, 0xf8, 0x4, 0x3, 0x34, 0xff,
    0x4, 0x0, 0x0, 0x0, 0x0, 0x0, 0x0, 0x0,
    0x0, 0x0, 0x40, 0xf8, 0x0, 0x0, 0x34, 0xff,
    0x37, 0x34, 0x34, 0x34, 0x34, 0x34, 0x34, 0x27,
    0x0, 0x0, 0x40, 0xf8, 0x7, 0x2c, 0x34, 0xff,
    0xf4, 0xf4, 0xf4, 0xf5, 0xff, 0xf5, 0xf4, 0xb7,
    0x0, 0x15, 0x7f, 0xfe, 0xf3, 0xb5, 0x3a, 0xfb,
    0x0, 0x0, 0x0, 0x20, 0xff, 0x20, 0x0, 0x0,
    0x77, 0xfe, 0xf6, 0xfb, 0x49, 0x6, 0x47, 0xec,
    0x0, 0x0, 0x0, 0x20, 0xff, 0x20, 0x0, 0x0,
    0x3a, 0x42, 0x43, 0xf8, 0x0, 0x0, 0x5a, 0xda,
    0x0, 0x0, 0x0, 0x20, 0xff, 0x20, 0x0, 0x0,
    0x0, 0x0, 0x40, 0xf8, 0x0, 0x0, 0x87, 0xaf,
    0x0, 0x0, 0x0, 0x20, 0xff, 0x20, 0x0, 0x0,
    0x0, 0x0, 0x40, 0xf8, 0x0, 0x0, 0xbd, 0x7f,
    0x0, 0x0, 0x0, 0x20, 0xff, 0x20, 0x0, 0x0,
    0x0, 0x0, 0x40, 0xf8, 0x0, 0x19, 0xfd, 0x2e,
    0x0, 0x0, 0x0, 0x20, 0xff, 0x20, 0x0, 0x0,
    0x14, 0x37, 0x84, 0xef, 0x0, 0x92, 0xcc, 0x0,
    0x0, 0x0, 0x0, 0x20, 0xff, 0x20, 0x0, 0x0,
    0x35, 0xff, 0xfc, 0x8d, 0x5, 0xcd, 0x39, 0x0,
    0x0, 0x0, 0x0, 0x20, 0xff, 0x20, 0x0, 0x0,
    0x1, 0x7, 0x2, 0x0, 0x0, 0x2, 0x0, 0x0,
    0x0, 0x0, 0x0, 0x0, 0x0, 0x0, 0x0, 0x0,

    /* U+6309 "按" */
    0x0, 0x0, 0x9, 0x5, 0x0, 0x0, 0x0, 0x0,
    0x0, 0xd, 0xd, 0x0, 0x0, 0x0, 0x0, 0x0,
    0x0, 0x0, 0xc0, 0x7c, 0x0, 0x0, 0x0, 0x0,
    0x0, 0xcc, 0x93, 0x0, 0x0, 0x0, 0x0, 0x0,
    0x0, 0x0, 0xc0, 0x7c, 0x0, 0x0, 0x0, 0x0,
    0x0, 0x5c, 0xea, 0xc, 0x0, 0x0, 0x0, 0x0,
    0x20, 0x2c, 0xcb, 0x92, 0x2c, 0x63, 0xe4, 0xe4,
    0xe4, 0xe5, 0xee, 0xe4, 0xe4, 0xe4, 0xe4, 0x1c,
    0xb3, 0xf4, 0xfd, 0xf9, 0xf4, 0x7f, 0xdd, 0x38,
    0x3f, 0x3b, 0x38, 0x38, 0x38, 0x51, 0xff, 0x20,
    0x0, 0x0, 0xc0, 0x7c, 0x0, 0x4a, 0x91, 0x0,
    0x72, 0xde, 0x4, 0x0, 0x0, 0x16, 0xb0, 0x16,
    0x0, 0x0, 0xc0, 0x7c, 0x0, 0x0, 0x0, 0x0,
    0xd1, 0x96, 0x0, 0x0, 0x0, 0x0, 0x0, 0x0,
    0x0, 0x0, 0xc0, 0x7c, 0x2a, 0x34, 0x4c, 0x64,
    0xff, 0x74, 0x4c, 0x4c, 0x4c, 0x4c, 0x4c, 0x24,
    0x0, 0x2c, 0xd7, 0xf5, 0xf7, 0x91, 0xd4, 0xf7,
    0xea, 0xd4, 0xd4, 0xd4, 0xf9, 0xe5, 0xd4, 0x66,
    0xcc, 0xff, 0xfc, 0xab, 0x19, 0x0, 0x23, 0xfa,
    0x37, 0x0, 0x0, 0x1b, 0xfc, 0x32, 0x0, 0x0,
    0x6b, 0x2a, 0xc0, 0x7c, 0x0, 0x0, 0xa5, 0xbf,
    0x0, 0x0, 0x0, 0x83, 0xd6, 0x0, 0x0, 0x0,
    0x0, 0x0, 0xc0, 0x7c, 0x0, 0x1, 0x8f, 0xf4,
    0xad, 0x32, 0x36, 0xfa, 0x50, 0x0, 0x0, 0x0,
    0x0, 0x0, 0xc0, 0x7c, 0x0, 0x0, 0x0, 0x17,
    0x8f, 0xf6, 0xf3, 0xb3, 0x0, 0x0, 0x0, 0x0,
    0x0, 0x0, 0xc0, 0x7c, 0x0, 0x0, 0x0, 0xa,
    0x72, 0xf2, 0xca, 0xfc, 0xa5, 0x1f, 0x0, 0x0,
    0x3b, 0x43, 0xe5, 0x73, 0x9, 0x47, 0x98, 0xee,
    0xdd, 0x57, 0x0, 0x30, 0xc1, 0xf7, 0x87, 0xe,
    0xb8, 0xff, 0xd9, 0x23, 0x62, 0xf8, 0xb3, 0x52,
    0x4, 0x0, 0x0, 0x0, 0x0, 0x66, 0xe8, 0x22,
    0x0, 0x0, 0x0, 0x0, 0x3, 0xd, 0x0, 0x0,
    0x0, 0x0, 0x0, 0x0, 0x0, 0x0, 0x8, 0x0,

    /* U+636E "据" */
    0x0, 0x0, 0x1e, 0x16, 0x0, 0x0, 0x0, 0x0,
    0x0, 0x0, 0x0, 0x0, 0x0, 0x0, 0x0, 0x0,
    0x0, 0x0, 0xb4, 0x84, 0x0, 0x12, 0x28, 0x28,
    0x28, 0x28, 0x28, 0x28, 0x28, 0x28, 0x24, 0x0,
    0x0, 0x0, 0xb4, 0x84, 0x0, 0x78, 0xf5, 0xe0,
    0xe0, 0xe0, 0xe0, 0xe0, 0xe0, 0xe6, 0xec, 0x0,
    0x3, 0x4, 0xb5, 0x85, 0x4, 0x78, 0xa8, 0x0,
    0x0, 0x0, 0x0, 0x0, 0x0, 0x34, 0xec, 0x0,
    0xc0, 0xff, 0xff, 0xff, 0xff, 0x8c, 0xb4, 0x24,
    0x24, 0x24, 0x24, 0x24, 0x24, 0x50, 0xec, 0x0,
    0x15, 0x1c, 0xbc, 0x91, 0x1c, 0x7a, 0xf6, 0xe4,
    0xe4, 0xe4, 0xe4, 0xe4, 0xe4, 0xe9, 0xec, 0x0,
    0x0, 0x0, 0xb4, 0x84, 0x0, 0x78, 0xa8, 0x0,
    0x0, 0x0, 0xbf, 0x2a, 0x0, 0x13, 0x58, 0x0,
    0x0, 0x0, 0xb4, 0x84, 0x9, 0x78, 0xb7, 0x2c,
    0x2c, 0x2c, 0xef, 0x57, 0x2c, 0x2c, 0x2c, 0x1f,
    0x0, 0x1c, 0xc9, 0xe2, 0xf5, 0x89, 0xf5, 0xe4,
    0xe4, 0xe4, 0xfd, 0xe9, 0xe4, 0xe4, 0xe4, 0xa3,
    0xc3, 0xff, 0xff, 0xc0, 0x3e, 0x8e, 0x96, 0x0,
    0x0, 0x0, 0xec, 0x34, 0x0, 0x0, 0x0, 0x0,
    0x6c, 0x38, 0xb5, 0x84, 0x0, 0xa6, 0x80, 0x1e,
    0x20, 0x20, 0xee, 0x4d, 0x20, 0x20, 0x1a, 0x0,
    0x0, 0x0, 0xb4, 0x84, 0x0, 0xd2, 0x5d, 0xf0,
    0xec, 0xe8, 0xe8, 0xe8, 0xe8, 0xef, 0xd4, 0x0,
    0x0, 0x0, 0xb4, 0x84, 0x13, 0xfb, 0x29, 0xf0,
    0x30, 0x0, 0x0, 0x0, 0x0, 0x4c, 0xd4, 0x0,
    0x0, 0x0, 0xb4, 0x84, 0x67, 0xe1, 0x1, 0xf0,
    0x30, 0x0, 0x0, 0x0, 0x0, 0x4c, 0xd4, 0x0,
    0x44, 0x52, 0xe5, 0x82, 0xe1, 0x83, 0x0, 0xf0,
    0xfc, 0xfc, 0xfc, 0xfc, 0xfc, 0xfd, 0xd4, 0x0,
    0xa0, 0xf0, 0xcb, 0x32, 0xca, 0x11, 0x0, 0xf0,
    0x36, 0x8, 0x8, 0x8, 0x8, 0x51, 0xd4, 0x0,
    0x0, 0x0, 0x0, 0x0, 0x4, 0x0, 0x0, 0x0,
    0x0, 0x0, 0x0, 0x0, 0x0, 0x0, 0x0, 0x0,

    /* U+63A7 "控" */
    0x0, 0x0, 0x23, 0x17, 0x0, 0x0, 0x0, 0x0,
    0x0, 0x1b, 0x1, 0x0, 0x0, 0x0, 0x0, 0x0,
    0x0, 0x0, 0xbc, 0x7c, 0x0, 0x0, 0x0, 0x0,
    0x5, 0xe0, 0x80, 0x0, 0x0, 0x0, 0x0, 0x0,
    0x0, 0x0, 0xbc, 0x7c, 0x0, 0x0, 0x0, 0x0,
    0x0, 0x50, 0xf9, 0x1e, 0x0, 0x0, 0x0, 0x0,
    0x26, 0x2c, 0xc7, 0x92, 0x2c, 0x4f, 0xdc, 0xdc,
    0xdc, 0xdc, 0xf1, 0xdc, 0xdc, 0xdc, 0xdc, 0x11,
    0xd5, 0xf4, 0xfc, 0xf9, 0xf4, 0x6b, 0xe9, 0x48,
    0x48, 0x48, 0x48, 0x48, 0x48, 0x61, 0xff, 0x14,
    0x0, 0x0, 0xbc, 0x7c, 0x0, 0x4d, 0xc4, 0x1,
    0x75, 0x20, 0x0, 0x4e, 0x48, 0x1f, 0xe0, 0x11,
    0x0, 0x0, 0xbc, 0x7c, 0x0, 0x0, 0xd, 0xad,
    0xe5, 0x34, 0x0, 0x60, 0xf5, 0x91, 0x6, 0x0,
    0x0, 0x0, 0xbc, 0x81, 0x3d, 0x3b, 0xdc, 0xc5,
    0x19, 0x0, 0x0, 0x0, 0x2c, 0xdc, 0xc8, 0x1b,
    0x3d, 0x7c, 0xe7, 0xff, 0xeb, 0x50, 0x8b, 0x5,
    0x0, 0x0, 0x0, 0x0, 0x0, 0x14, 0x9c, 0x11,
    0xdf, 0xca, 0xe5, 0x8d, 0x1, 0x1a, 0xf0, 0xf0,
    0xf0, 0xf0, 0xf0, 0xf0, 0xf0, 0xf0, 0xb7, 0x0,
    0xd, 0x0, 0xbc, 0x7c, 0x0, 0x4, 0x28, 0x28,
    0x28, 0x68, 0xef, 0x28, 0x28, 0x28, 0x1e, 0x0,
    0x0, 0x0, 0xbc, 0x7c, 0x0, 0x0, 0x0, 0x0,
    0x0, 0x4c, 0xec, 0x0, 0x0, 0x0, 0x0, 0x0,
    0x0, 0x0, 0xbc, 0x7c, 0x0, 0x0, 0x0, 0x0,
    0x0, 0x4c, 0xec, 0x0, 0x0, 0x0, 0x0, 0x0,
    0x0, 0x0, 0xbc, 0x7c, 0x0, 0x0, 0x0, 0x0,
    0x0, 0x4c, 0xec, 0x0, 0x0, 0x0, 0x0, 0x0,
    0x3f, 0x40, 0xe4, 0x73, 0x21, 0xf0, 0xf0, 0xf0,
    0xf0, 0xf4, 0xfe, 0xf0, 0xf0, 0xf0, 0xf0, 0x7b,
    0xad, 0xff, 0xe6, 0x28, 0x7, 0x38, 0x38, 0x38,
    0x38, 0x38, 0x38, 0x38, 0x38, 0x38, 0x38, 0x1c,
    0x0, 0x2, 0x0, 0x0, 0x0, 0x0, 0x0, 0x0,
    0x0, 0x0, 0x0, 0x0, 0x0, 0x0, 0x0, 0x0,

    /* U+6570 "数" */
    0x0, 0x0, 0x0, 0x0, 0x9, 0x4, 0x0, 0x0,
    0x0, 0x0, 0x14, 0x9, 0x0, 0x0, 0x0, 0x0,
    0x0, 0x4c, 0x13, 0x0, 0xd0, 0x58, 0x0, 0x5c,
    0x21, 0x0, 0xad, 0x94, 0x0, 0x0, 0x0, 0x0,
    0x0, 0xaa, 0xba, 0x2, 0xd0, 0x58, 0x43, 0xf4,
    0x36, 0x0, 0xe3, 0x4f, 0x0, 0x0, 0x0, 0x0,
    0x0, 0x10, 0xb7, 0x1b, 0xd0, 0x58, 0xa9, 0x5b,
    0x0, 0x2f, 0xfe, 0x3a, 0x2c, 0x2c, 0x2c, 0x1e,
    0x38, 0x8c, 0x8c, 0x8c, 0xea, 0xb3, 0x8d, 0x8c,
    0x30, 0x88, 0xf3, 0xe4, 0xe4, 0xf2, 0xf7, 0xa0,
    0x32, 0x7c, 0x7c, 0xbe, 0xff, 0xab, 0x7c, 0x7c,
    0x36, 0xee, 0x77, 0x0, 0x0, 0x96, 0xa4, 0x0,
    0x0, 0x0, 0x70, 0xe5, 0xe8, 0xe5, 0x94, 0x7,
    0x89, 0xff, 0x9c, 0x0, 0x0, 0xb2, 0x84, 0x0,
    0x24, 0xbb, 0xdd, 0x24, 0xd0, 0x6c, 0xc0, 0xc8,
    0xb7, 0xa6, 0xc8, 0x0, 0x0, 0xdf, 0x5c, 0x0,
    0x80, 0xa1, 0xe, 0x32, 0x8e, 0x35, 0x6, 0x66,
    0x5, 0x27, 0xf4, 0x9, 0x17, 0xff, 0x25, 0x0,
    0xc, 0x14, 0x1e, 0xee, 0x64, 0x14, 0x14, 0x12,
    0x0, 0x0, 0xeb, 0x5d, 0x63, 0xe1, 0x0, 0x0,
    0x8d, 0xf4, 0xfd, 0xf9, 0xf4, 0xf4, 0xf7, 0xeb,
    0x0, 0x0, 0x90, 0xc1, 0xca, 0x8c, 0x0, 0x0,
    0x0, 0x2d, 0xf3, 0x29, 0x0, 0x0, 0x9b, 0xa0,
    0x0, 0x0, 0x23, 0xfd, 0xfb, 0x21, 0x0, 0x0,
    0x0, 0x6b, 0xf0, 0x95, 0x22, 0x5c, 0xeb, 0x1e,
    0x0, 0x0, 0x23, 0xf2, 0xe7, 0x15, 0x0, 0x0,
    0x0, 0x0, 0x1a, 0x97, 0xfc, 0xfc, 0x6f, 0x0,
    0x0, 0x17, 0xdc, 0xcc, 0xdd, 0xcb, 0xe, 0x0,
    0x0, 0x11, 0x66, 0xde, 0xcf, 0xa2, 0xfc, 0x8f,
    0x2f, 0xdd, 0xd5, 0x13, 0x25, 0xeb, 0xdc, 0x37,
    0x87, 0xfb, 0xcf, 0x62, 0x2, 0x0, 0x2b, 0x4a,
    0xf5, 0xbd, 0x15, 0x0, 0x0, 0x27, 0xd5, 0xa8,
    0x28, 0x29, 0x0, 0x0, 0x0, 0x0, 0x0, 0x0,
    0x42, 0x3, 0x0, 0x0, 0x0, 0x0, 0xc, 0x11,

    /* U+6587 "文" */
    0x0, 0x0, 0x0, 0x0, 0x0, 0x0, 0xe, 0x65,
    0x1, 0x0, 0x0, 0x0, 0x0, 0x0, 0x0, 0x0,
    0x0, 0x0, 0x0, 0x0, 0x0, 0x0, 0x2d, 0xfb,
    0x64, 0x0, 0x0, 0x0, 0x0, 0x0, 0x0, 0x0,
    0x0, 0x0, 0x0, 0x0, 0x0, 0x0, 0x0, 0x99,
    0xc8, 0x0, 0x0, 0x0, 0x0, 0x0, 0x0, 0x0,
    0x9b, 0xd4, 0xd4, 0xd4, 0xd4, 0xd4, 0xd4, 0xe0,
    0xd8, 0xd4, 0xd4, 0xd4, 0xd4, 0xd4, 0xd4, 0x38,
    0x3d, 0x54, 0x54, 0xcb, 0xb3, 0x54, 0x54, 0x54,
    0x54, 0x54, 0x5b, 0xfe, 0x88, 0x54, 0x54, 0x16,
    0x0, 0x0, 0x0, 0x7b, 0xc4, 0x0, 0x0, 0x0,
    0x0, 0x0, 0x3d, 0xff, 0x18, 0x0, 0x0, 0x0,
    0x0, 0x0, 0x0, 0x30, 0xfb, 0x1a, 0x0, 0x0,
    0x0, 0x0, 0x87, 0xcf, 0x0, 0x0, 0x0, 0x0,
    0x0, 0x0, 0x0, 0x0, 0xc7, 0x84, 0x0, 0x0,
    0x0, 0x5, 0xe8, 0x6b, 0x0, 0x0, 0x0, 0x0,
    0x0, 0x0, 0x0, 0x0, 0x4c, 0xf4, 0x1f, 0x0,
    0x0, 0x77, 0xea, 0xe, 0x0, 0x0, 0x0, 0x0,
    0x0, 0x0, 0x0, 0x0, 0x0, 0xb3, 0xbf, 0x6,
    0x2c, 0xf5, 0x60, 0x0, 0x0, 0x0, 0x0, 0x0,
    0x0, 0x0, 0x0, 0x0, 0x0, 0x17, 0xe2, 0xaf,
    0xe3, 0xa6, 0x1, 0x0, 0x0, 0x0, 0x0, 0x0,
    0x0, 0x0, 0x0, 0x0, 0x0, 0x0, 0x75, 0xff,
    0xf6, 0x23, 0x0, 0x0, 0x0, 0x0, 0x0, 0x0,
    0x0, 0x0, 0x0, 0x0, 0x2b, 0xac, 0xff, 0x9f,
    0xd8, 0xf3, 0x84, 0x16, 0x0, 0x0, 0x0, 0x0,
    0x0, 0x6, 0x50, 0xb7, 0xfe, 0xcd, 0x41, 0x0,
    0x9, 0x80, 0xf3, 0xf9, 0xae, 0x54, 0xd, 0x0,
    0x7a, 0xef, 0xff, 0xc1, 0x4e, 0x1, 0x0, 0x0,
    0x0, 0x0, 0x14, 0x7d, 0xe6, 0xff, 0xef, 0x1c,
    0x2a, 0x8b, 0x29, 0x0, 0x0, 0x0, 0x0, 0x0,
    0x0, 0x0, 0x0, 0x0, 0x3, 0x4c, 0x4a, 0x0,

    /* U+65B9 "方" */
    0x0, 0x0, 0x0, 0x0, 0x0, 0x0, 0x3, 0x57,
    0x22, 0x0, 0x0, 0x0, 0x0, 0x0, 0x0, 0x0,
    0x0, 0x0, 0x0, 0x0, 0x0, 0x0, 0x7, 0xda,
    0xb8, 0x0, 0x0, 0x0, 0x0, 0x0, 0x0, 0x0,
    0x0, 0x0, 0x0, 0x0, 0x0, 0x0, 0x0, 0x4f,
    0xf3, 0x27, 0x0, 0x0, 0x0, 0x0, 0x0, 0x0,
    0x3e, 0xd4, 0xd4, 0xd4, 0xd4, 0xd4, 0xd4, 0xd4,
    0xe4, 0xd4, 0xd4, 0xd4, 0xd4, 0xd4, 0xd4, 0xa2,
    0x1b, 0x5c, 0x5c, 0x5c, 0x85, 0xff, 0x6b, 0x5c,
    0x5c, 0x5c, 0x5c, 0x5c, 0x5c, 0x5c, 0x5c, 0x46,
    0x0, 0x0, 0x0, 0x0, 0x4a, 0xff, 0xe, 0x0,
    0x0, 0x0, 0x0, 0x0, 0x0, 0x0, 0x0, 0x0,
    0x0, 0x0, 0x0, 0x0, 0x57, 0xff, 0x3, 0x0,
    0x0, 0x0, 0x0, 0x0, 0x0, 0x0, 0x0, 0x0,
    0x0, 0x0, 0x0, 0x0, 0x6a, 0xff, 0xff, 0xff,
    0xff, 0xff, 0xff, 0xff, 0xff, 0xa3, 0x0, 0x0,
    0x0, 0x0, 0x0, 0x0, 0x8d, 0xdc, 0x2c, 0x2c,
    0x2c, 0x2c, 0x2c, 0x2c, 0xd3, 0x94, 0x0, 0x0,
    0x0, 0x0, 0x0, 0x0, 0xb7, 0xab, 0x0, 0x0,
    0x0, 0x0, 0x0, 0x0, 0xd8, 0x85, 0x0, 0x0,
    0x0, 0x0, 0x0, 0xa, 0xf0, 0x7b, 0x0, 0x0,
    0x0, 0x0, 0x0, 0x0, 0xe7, 0x74, 0x0, 0x0,
    0x0, 0x0, 0x0, 0x63, 0xfe, 0x23, 0x0, 0x0,
    0x0, 0x0, 0x0, 0x0, 0xf9, 0x61, 0x0, 0x0,
    0x0, 0x0, 0xc, 0xdc, 0xb8, 0x0, 0x0, 0x0,
    0x0, 0x0, 0x0, 0xf, 0xff, 0x4d, 0x0, 0x0,
    0x0, 0x0, 0xa0, 0xf7, 0x2c, 0x0, 0x0, 0x0,
    0x0, 0x0, 0x0, 0x38, 0xff, 0x2e, 0x0, 0x0,
    0x2, 0x91, 0xff, 0x6a, 0x0, 0x0, 0x0, 0x6f,
    0x57, 0x45, 0x48, 0xc9, 0xe8, 0x5, 0x0, 0x0,
    0x65, 0xfe, 0x73, 0x0, 0x0, 0x0, 0x0, 0xcc,
    0xfe, 0xff, 0xff, 0xdd, 0x42, 0x0, 0x0, 0x0,
    0x4, 0x40, 0x0, 0x0, 0x0, 0x0, 0x0, 0x0,
    0x2, 0xa, 0x9, 0x0, 0x0, 0x0, 0x0, 0x0,

    /* U+65E5 "日" */
    0x16, 0x38, 0x38, 0x38, 0x38, 0x38, 0x38, 0x38,
    0x38, 0x38, 0x38, 0x33, 0x68, 0xff, 0xf4, 0xf4,
    0xf4, 0xf4, 0xf4, 0xf4, 0xf4, 0xf4, 0xf8, 0xec,
    0x68, 0xec, 0x0, 0x0, 0x0, 0x0, 0x0, 0x0,
    0x0, 0x0, 0x68, 0xec, 0x68, 0xec, 0x0, 0x0,
    0x0, 0x0, 0x0, 0x0, 0x0, 0x0, 0x68, 0xec,
    0x68, 0xec, 0x0, 0x0, 0x0, 0x0, 0x0, 0x0,
    0x0, 0x0, 0x68, 0xec, 0x68, 0xec, 0x0, 0x0,
    0x0, 0x0, 0x0, 0x0, 0x0, 0x0, 0x68, 0xec,
    0x68, 0xf0, 0x38, 0x38, 0x38, 0x38, 0x38, 0x38,
    0x38, 0x38, 0x89, 0xec, 0x68, 0xff, 0xf4, 0xf4,
    0xf4, 0xf4, 0xf4, 0xf4, 0xf4, 0xf4, 0xf8, 0xec,
    0x68, 0xec, 0x0, 0x0, 0x0, 0x0, 0x0, 0x0,
    0x0, 0x0, 0x68, 0xec, 0x68, 0xec, 0x0, 0x0,
    0x0, 0x0, 0x0, 0x0, 0x0, 0x0, 0x68, 0xec,
    0x68, 0xec, 0x0, 0x0, 0x0, 0x0, 0x0, 0x0,
    0x0, 0x0, 0x68, 0xec, 0x68, 0xec, 0x0, 0x0,
    0x0, 0x0, 0x0, 0x0, 0x0, 0x0, 0x68, 0xec,
    0x68, 0xf0, 0x34, 0x34, 0x34, 0x34, 0x34, 0x34,
    0x34, 0x34, 0x86, 0xec, 0x68, 0xff, 0xf4, 0xf4,
    0xf4, 0xf4, 0xf4, 0xf4, 0xf4, 0xf4, 0xf8, 0xec,
    0x68, 0xec, 0x0, 0x0, 0x0, 0x0, 0x0, 0x0,
    0x0, 0x0, 0x68, 0xec,

    /* U+65F6 "时" */
    0x0, 0x0, 0x0, 0x0, 0x0, 0x0, 0x0, 0x0,
    0x0, 0x0, 0x0, 0x0, 0x15, 0x8, 0x0, 0x0,
    0x0, 0x0, 0x0, 0x0, 0x0, 0x0, 0x0, 0x0,
    0x0, 0x0, 0x0, 0x0, 0xe8, 0x58, 0x0, 0x0,
    0x1b, 0xc0, 0xc0, 0xc0, 0xc0, 0xc0, 0x30, 0x0,
    0x0, 0x0, 0x0, 0x0, 0xe8, 0x58, 0x0, 0x0,
    0x24, 0xff, 0x60, 0x50, 0x50, 0xfd, 0x40, 0x0,
    0x0, 0x0, 0x0, 0x0, 0xe8, 0x58, 0x0, 0x0,
    0x24, 0xff, 0x18, 0x0, 0x0, 0xfc, 0x7d, 0xf4,
    0xf4, 0xf4, 0xf4, 0xf4, 0xfe, 0xf8, 0xf4, 0x89,
    0x24, 0xff, 0x18, 0x0, 0x0, 0xfc, 0x4d, 0x34,
    0x34, 0x34, 0x34, 0x34, 0xec, 0x7a, 0x34, 0x1d,
    0x24, 0xff, 0x18, 0x0, 0x0, 0xfc, 0x40, 0x9,
    0x2c, 0x0, 0x0, 0x0, 0xe8, 0x58, 0x0, 0x0,
    0x24, 0xff, 0xf1, 0xf0, 0xf0, 0xff, 0x40, 0x75,
    0xdb, 0x3, 0x0, 0x0, 0xe8, 0x58, 0x0, 0x0,
    0x24, 0xff, 0x43, 0x30, 0x30, 0xfc, 0x40, 0x13,
    0xf6, 0x5b, 0x0, 0x0, 0xe8, 0x58, 0x0, 0x0,
    0x24, 0xff, 0x18, 0x0, 0x0, 0xfc, 0x40, 0x0,
    0x9b, 0xd1, 0x0, 0x0, 0xe8, 0x58, 0x0, 0x0,
    0x24, 0xff, 0x18, 0x0, 0x0, 0xfc, 0x40, 0x0,
    0x34, 0xd7, 0x15, 0x0, 0xe8, 0x58, 0x0, 0x0,
    0x24, 0xff, 0x18, 0x0, 0x0, 0xfc, 0x40, 0x0,
    0x0, 0x4, 0x0, 0x0, 0xe8, 0x58, 0x0, 0x0,
    0x24, 0xff, 0x64, 0x54, 0x54, 0xfd, 0x40, 0x0,
    0x0, 0x0, 0x0, 0x0, 0xe8, 0x58, 0x0, 0x0,
    0x24, 0xff, 0xd8, 0xd4, 0xd4, 0xff, 0x40, 0x0,
    0x0, 0x0, 0x0, 0x0, 0xea, 0x57, 0x0, 0x0,
    0x24, 0xff, 0x18, 0x0, 0x0, 0xe8, 0x3b, 0x0,
    0x1f, 0x43, 0x37, 0x5a, 0xfe, 0x40, 0x0, 0x0,
    0x3, 0x1c, 0x2, 0x0, 0x0, 0x0, 0x0, 0x0,
    0x46, 0xff, 0xff, 0xfc, 0xb2, 0x3, 0x0, 0x0,
    0x0, 0x0, 0x0, 0x0, 0x0, 0x0, 0x0, 0x0,
    0x0, 0x1, 0x5, 0x3, 0x0, 0x0, 0x0, 0x0,

    /* U+667A "智" */
    0x0, 0x0, 0x0, 0x36, 0x1d, 0x0, 0x0, 0x0,
    0x0, 0x0, 0x0, 0x0, 0x0, 0x0, 0x0, 0x0,
    0x0, 0x0, 0xa, 0xe7, 0x4d, 0x0, 0x0, 0x0,
    0x0, 0x0, 0x0, 0x0, 0x0, 0x0, 0x0, 0x0,
    0x0, 0x0, 0x94, 0xff, 0xd5, 0xd4, 0xd4, 0xd4,
    0x8e, 0x5c, 0xff, 0xff, 0xff, 0xff, 0xff, 0x9c,
    0x0, 0x74, 0xe6, 0x3d, 0x48, 0xff, 0x34, 0x2c,
    0x1d, 0x5c, 0xcc, 0x0, 0x0, 0x0, 0x8c, 0x9c,
    0x0, 0x71, 0x72, 0x48, 0x6f, 0xfa, 0x48, 0x48,
    0x48, 0x66, 0xcc, 0x0, 0x0, 0x0, 0x8c, 0x9c,
    0x0, 0x78, 0xa8, 0xa8, 0xdd, 0xe4, 0xa8, 0xa8,
    0xa8, 0x73, 0xcc, 0x0, 0x0, 0x0, 0x8c, 0x9c,
    0x0, 0x0, 0x0, 0x19, 0xec, 0xf1, 0x97, 0x16,
    0x0, 0x5c, 0xf3, 0xc4, 0xc4, 0xc4, 0xe4, 0x9c,
    0x0, 0x0, 0x29, 0xd5, 0xae, 0x15, 0xa1, 0xef,
    0x6a, 0x5c, 0xd8, 0x3c, 0x3c, 0x3c, 0xa7, 0x9c,
    0x0, 0x92, 0xf8, 0xa1, 0x6, 0x0, 0x0, 0x55,
    0x8d, 0x23, 0x4f, 0x0, 0x0, 0x0, 0x36, 0x3c,
    0x0, 0x65, 0x47, 0x60, 0xf8, 0xf8, 0xf8, 0xf8,
    0xf8, 0xf8, 0xf8, 0xf8, 0xf8, 0xf8, 0x13, 0x0,
    0x0, 0x0, 0x0, 0x64, 0xc5, 0x8, 0x8, 0x8,
    0x8, 0x8, 0x8, 0x8, 0x1b, 0xff, 0x14, 0x0,
    0x0, 0x0, 0x0, 0x64, 0xc6, 0xc, 0xc, 0xc,
    0xc, 0xc, 0xc, 0xc, 0x1f, 0xff, 0x14, 0x0,
    0x0, 0x0, 0x0, 0x64, 0xfb, 0xec, 0xec, 0xec,
    0xec, 0xec, 0xec, 0xec, 0xed, 0xff, 0x14, 0x0,
    0x0, 0x0, 0x0, 0x64, 0xc4, 0x0, 0x0, 0x0,
    0x0, 0x0, 0x0, 0x0, 0x14, 0xff, 0x14, 0x0,
    0x0, 0x0, 0x0, 0x64, 0xf2, 0xc8, 0xc8, 0xc8,
    0xc8, 0xc8, 0xc8, 0xc8, 0xcc, 0xff, 0x14, 0x0,
    0x0, 0x0, 0x0, 0x64, 0xd1, 0x38, 0x38, 0x38,
    0x38, 0x38, 0x38, 0x38, 0x47, 0xff, 0x14, 0x0,

    /* U+6708 "月" */
    0x0, 0x0, 0x6, 0xdc, 0xdc, 0xdc, 0xdc, 0xdc,
    0xdc, 0xdc, 0xdc, 0xdc, 0xdc, 0x4f, 0x0, 0x0,
    0x8, 0xff, 0x7c, 0x50, 0x50, 0x50, 0x50, 0x50,
    0x50, 0x50, 0xf2, 0x5c, 0x0, 0x0, 0x8, 0xff,
    0x40, 0x0, 0x0, 0x0, 0x0, 0x0, 0x0, 0x0,
    0xec, 0x5c, 0x0, 0x0, 0x8, 0xff, 0x40, 0x0,
    0x0, 0x0, 0x0, 0x0, 0x0, 0x0, 0xec, 0x5c,
    0x0, 0x0, 0x8, 0xff, 0x76, 0x48, 0x48, 0x48,
    0x48, 0x48, 0x48, 0x48, 0xf1, 0x5c, 0x0, 0x0,
    0x8, 0xff, 0xe4, 0xdc, 0xdc, 0xdc, 0xdc, 0xdc,
    0xdc, 0xdc, 0xfd, 0x5c, 0x0, 0x0, 0xc, 0xff,
    0x39, 0x0, 0x0, 0x0, 0x0, 0x0, 0x0, 0x0,
    0xec, 0x5c, 0x0, 0x0, 0x13, 0xff, 0x30, 0x0,
    0x0, 0x0, 0x0, 0x0, 0x0, 0x0, 0xec, 0x5c,
    0x0, 0x0, 0x22, 0xff, 0x50, 0x30, 0x30, 0x30,
    0x30, 0x30, 0x30, 0x30, 0xef, 0x5c, 0x0, 0x0,
    0x3e, 0xff, 0xf4, 0xf4, 0xf4, 0xf4, 0xf4, 0xf4,
    0xf4, 0xf4, 0xff, 0x5c, 0x0, 0x0, 0x6e, 0xe8,
    0x0, 0x0, 0x0, 0x0, 0x0, 0x0, 0x0, 0x0,
    0xec, 0x5c, 0x0, 0x0, 0xc5, 0xb0, 0x0, 0x0,
    0x0, 0x0, 0x0, 0x0, 0x0, 0x0, 0xec, 0x5c,
    0x0, 0x27, 0xfe, 0x59, 0x0, 0x0, 0x0, 0x0,
    0x0, 0x0, 0x0, 0x0, 0xf0, 0x59, 0x2, 0xc3,
    0xdd, 0x5, 0x0, 0x0, 0x0, 0x0, 0x20, 0x46,
    0x3e, 0x72, 0xff, 0x38, 0x32, 0xfa, 0x4b, 0x0,
    0x0, 0x0, 0x0, 0x0, 0x49, 0xfe, 0xff, 0xf5,
    0x98, 0x0, 0x0, 0x24, 0x0, 0x0, 0x0, 0x0,
    0x0, 0x0, 0x0, 0x0, 0x2, 0x0, 0x0, 0x0,

    /* U+6746 "杆" */
    0x0, 0x0, 0x17, 0x38, 0x0, 0x0, 0x0, 0x0,
    0x0, 0x0, 0x0, 0x0, 0x0, 0x0, 0x0, 0x0,
    0x0, 0x0, 0x58, 0xd4, 0x0, 0x0, 0x14, 0x2c,
    0x2c, 0x2c, 0x2c, 0x2c, 0x2c, 0x2c, 0x27, 0x0,
    0x0, 0x0, 0x58, 0xd4, 0x0, 0x0, 0x74, 0xf8,
    0xf8, 0xf8, 0xff, 0xfa, 0xf8, 0xf8, 0xdc, 0x0,
    0x15, 0x1c, 0x6a, 0xd8, 0x1c, 0x1c, 0x6, 0x0,
    0x0, 0x0, 0xec, 0x5c, 0x0, 0x0, 0x0, 0x0,
    0xc1, 0xf8, 0xfc, 0xfe, 0xf8, 0xf8, 0x36, 0x0,
    0x0, 0x0, 0xec, 0x5c, 0x0, 0x0, 0x0, 0x0,
    0x0, 0x0, 0xa8, 0xd4, 0x0, 0x0, 0x0, 0x0,
    0x0, 0x0, 0xec, 0x5c, 0x0, 0x0, 0x0, 0x0,
    0x0, 0x5, 0xef, 0xd4, 0x2, 0x0, 0x0, 0x0,
    0x0, 0x0, 0xec, 0x5c, 0x0, 0x0, 0x0, 0x0,
    0x0, 0x53, 0xf8, 0xea, 0xd4, 0x15, 0x32, 0x38,
    0x38, 0x38, 0xf0, 0x7f, 0x38, 0x38, 0x38, 0x19,
    0x0, 0xbe, 0xa8, 0xd4, 0xb1, 0xb4, 0xd2, 0xe8,
    0xe8, 0xe8, 0xfe, 0xf0, 0xe8, 0xe8, 0xe8, 0x69,
    0x3d, 0xe8, 0x5c, 0xd4, 0x1a, 0xae, 0xc, 0x0,
    0x0, 0x0, 0xec, 0x5c, 0x0, 0x0, 0x0, 0x0,
    0xca, 0x7a, 0x58, 0xd4, 0x0, 0x0, 0x0, 0x0,
    0x0, 0x0, 0xec, 0x5c, 0x0, 0x0, 0x0, 0x0,
    0x8d, 0x9, 0x58, 0xd4, 0x0, 0x0, 0x0, 0x0,
    0x0, 0x0, 0xec, 0x5c, 0x0, 0x0, 0x0, 0x0,
    0x2, 0x0, 0x58, 0xd4, 0x0, 0x0, 0x0, 0x0,
    0x0, 0x0, 0xec, 0x5c, 0x0, 0x0, 0x0, 0x0,
    0x0, 0x0, 0x58, 0xd4, 0x0, 0x0, 0x0, 0x0,
    0x0, 0x0, 0xec, 0x5c, 0x0, 0x0, 0x0, 0x0,
    0x0, 0x0, 0x58, 0xd4, 0x0, 0x0, 0x0, 0x0,
    0x0, 0x0, 0xec, 0x5c, 0x0, 0x0, 0x0, 0x0,
    0x0, 0x0, 0x56, 0xd0, 0x0, 0x0, 0x0, 0x0,
    0x0, 0x0, 0xec, 0x5c, 0x0, 0x0, 0x0, 0x0,

    /* U+674E "李" */
    0x0, 0x0, 0x0, 0x0, 0x0, 0x0, 0x0, 0x0,
    0x9, 0x4, 0x0, 0x0, 0x0, 0x0, 0x0, 0x0,
    0x0, 0x0, 0x0, 0x0, 0x0, 0x0, 0x0, 0x0,
    0x0, 0xc8, 0x58, 0x0, 0x0, 0x0, 0x0, 0x0,
    0x0, 0x0, 0x0, 0x3, 0x30, 0x30, 0x30, 0x30,
    0x30, 0x30, 0xd2, 0x77, 0x30, 0x30, 0x30, 0x30,
    0x30, 0x1e, 0x0, 0x0, 0x12, 0xe8, 0xe8, 0xe8,
    0xe8, 0xe8, 0xfa, 0xff, 0xff, 0xec, 0xe8, 0xe8,
    0xe8, 0xe8, 0x94, 0x0, 0x0, 0x0, 0x0, 0x0,
    0x0, 0x3, 0x7d, 0xdc, 0xe0, 0xc9, 0xd1, 0x35,
    0x0, 0x0, 0x0, 0x0, 0x0, 0x0, 0x0, 0x0,
    0x0, 0x4a, 0xd4, 0xba, 0x17, 0xc8, 0x58, 0x58,
    0xec, 0xa4, 0x25, 0x0, 0x0, 0x0, 0x0, 0x14,
    0x6b, 0xd4, 0xe4, 0x61, 0x0, 0x0, 0xc8, 0x58,
    0x0, 0x16, 0x9b, 0xf8, 0xba, 0x63, 0x18, 0x0,
    0xb2, 0xd9, 0x6d, 0x24, 0x1c, 0x1c, 0x1c, 0x63,
    0x3b, 0x1c, 0x1c, 0x1c, 0x26, 0x85, 0xdd, 0x34,
    0x0, 0xb, 0x1, 0x0, 0xf4, 0xf4, 0xf4, 0xf4,
    0xf4, 0xf4, 0xf4, 0xfb, 0xff, 0x48, 0x0, 0x0,
    0x0, 0x0, 0x0, 0x0, 0x0, 0x0, 0x0, 0x0,
    0x0, 0x0, 0x1c, 0x93, 0xe6, 0x83, 0xf, 0x0,
    0x0, 0x0, 0x0, 0x0, 0x0, 0x0, 0x0, 0x0,
    0x0, 0x0, 0x5b, 0xe6, 0x76, 0xd, 0x0, 0x0,
    0x0, 0x0, 0x0, 0x0, 0xaf, 0xf4, 0xf4, 0xf4,
    0xf4, 0xf4, 0xf4, 0xfa, 0xfc, 0xf4, 0xf4, 0xf4,
    0xf4, 0xf4, 0xf4, 0x44, 0x0, 0x19, 0x24, 0x24,
    0x24, 0x24, 0x24, 0x24, 0x92, 0xbb, 0x24, 0x24,
    0x24, 0x24, 0x24, 0x24, 0xa, 0x0, 0x0, 0x0,
    0x0, 0x0, 0x0, 0x0, 0x0, 0x80, 0xb0, 0x0,
    0x0, 0x0, 0x0, 0x0, 0x0, 0x0, 0x0, 0x0,
    0x0, 0x0, 0x0, 0x39, 0x3e, 0x3b, 0xc4, 0xa4,
    0x0, 0x0, 0x0, 0x0, 0x0, 0x0, 0x0, 0x0,
    0x0, 0x0, 0x0, 0x0, 0x9e, 0xff, 0xff, 0xe5,
    0x3d, 0x0, 0x0, 0x0, 0x0, 0x0, 0x0, 0x0,
    0x0, 0x0, 0x0, 0x0, 0x0, 0x0, 0x1, 0x3,
    0x0, 0x0, 0x0, 0x0, 0x0, 0x0, 0x0, 0x0,
    0x0,

    /* U+6768 "杨" */
    0x0, 0x0, 0xb, 0x25, 0x0, 0x0, 0x0, 0x0,
    0x0, 0x0, 0x0, 0x0, 0x0, 0x0, 0x0, 0x0,
    0x0, 0x0, 0x44, 0xdc, 0x0, 0x0, 0x20, 0x2c,
    0x2c, 0x2c, 0x2c, 0x2c, 0x2c, 0x2c, 0x13, 0x0,
    0x0, 0x0, 0x44, 0xdc, 0x0, 0x0, 0xb3, 0xf4,
    0xf4, 0xf4, 0xf4, 0xf4, 0xfd, 0xff, 0x6f, 0x0,
    0x2, 0x4, 0x46, 0xdc, 0x4, 0x4, 0x0, 0x0,
    0x0, 0x0, 0x13, 0x9a, 0xf8, 0x89, 0xb, 0x0,
    0xac, 0xff, 0xff, 0xff, 0xff, 0xff, 0x14, 0x0,
    0x2, 0x67, 0xed, 0xbb, 0x28, 0x0, 0x0, 0x0,
    0x8, 0xc, 0xa2, 0xdd, 0xc, 0xc, 0x0, 0x35,
    0xcb, 0xe3, 0x56, 0x0, 0x0, 0x0, 0x0, 0x0,
    0x0, 0x2, 0xe9, 0xdc, 0x0, 0x7, 0x99, 0xfd,
    0xb5, 0x37, 0x2c, 0x2c, 0x2c, 0x2c, 0x2c, 0x5,
    0x0, 0x3c, 0xf6, 0xe5, 0x89, 0x21, 0xf4, 0xf4,
    0xff, 0xf5, 0xf4, 0xff, 0xf5, 0xf4, 0xff, 0x1b,
    0x0, 0xa5, 0xae, 0xe1, 0xc6, 0xa8, 0x1, 0x33,
    0xf4, 0x9, 0x32, 0xf4, 0x4, 0x1b, 0xff, 0xe,
    0x2c, 0xf7, 0x58, 0xdc, 0x1a, 0xe6, 0x42, 0x9a,
    0xaa, 0x0, 0x71, 0xba, 0x0, 0x26, 0xff, 0x2,
    0xa8, 0x9f, 0x44, 0xdc, 0x0, 0x11, 0x31, 0xfb,
    0x30, 0x0, 0xc8, 0x6f, 0x0, 0x33, 0xf5, 0x0,
    0x81, 0x22, 0x44, 0xdc, 0x0, 0x16, 0xdf, 0x97,
    0x0, 0x45, 0xed, 0xc, 0x0, 0x41, 0xe8, 0x0,
    0x3, 0x0, 0x44, 0xdc, 0x21, 0xd6, 0xc5, 0x6,
    0xd, 0xd7, 0x75, 0x0, 0x0, 0x51, 0xdb, 0x0,
    0x0, 0x0, 0x44, 0xdc, 0x7b, 0xba, 0xd, 0x2,
    0xac, 0xb9, 0x2, 0x0, 0x0, 0x6a, 0xc8, 0x0,
    0x0, 0x0, 0x44, 0xdc, 0x3, 0x5, 0xa, 0xb0,
    0xd1, 0x14, 0x4f, 0x3e, 0x3f, 0xd4, 0x95, 0x0,
    0x0, 0x0, 0x44, 0xdc, 0x0, 0x0, 0x53, 0xb7,
    0xd, 0x0, 0xc9, 0xff, 0xf8, 0xbf, 0x1b, 0x0,
    0x0, 0x0, 0x0, 0x0, 0x0, 0x0, 0x0, 0x0,
    0x0, 0x0, 0x0, 0x1, 0x1, 0x0, 0x0, 0x0,

    /* U+677F "板" */
    0x0, 0x0, 0x13, 0x33, 0x0, 0x0, 0x0, 0x0,
    0x0, 0x0, 0x0, 0x0, 0x0, 0x0, 0x0, 0x0,
    0x0, 0x0, 0x4c, 0xcc, 0x0, 0x0, 0x0, 0x2,
    0x8, 0x18, 0x29, 0x41, 0x5b, 0x7b, 0x9d, 0x2e,
    0x0, 0x0, 0x4c, 0xcc, 0x0, 0x0, 0x84, 0xff,
    0xff, 0xff, 0xf7, 0xe7, 0xd4, 0xbe, 0xa6, 0x45,
    0x8, 0xc, 0x54, 0xce, 0xc, 0xb, 0x84, 0xa1,
    0x10, 0x6, 0x0, 0x0, 0x0, 0x0, 0x0, 0x0,
    0xac, 0xff, 0xff, 0xff, 0xff, 0xec, 0x84, 0x98,
    0x0, 0x0, 0x0, 0x0, 0x0, 0x0, 0x0, 0x0,
    0x10, 0x18, 0x92, 0xd0, 0x18, 0x16, 0x84, 0xa8,
    0x28, 0x28, 0x28, 0x28, 0x28, 0x28, 0x21, 0x0,
    0x0, 0x0, 0xcc, 0xcc, 0x0, 0x0, 0x84, 0xf3,
    0xed, 0xf2, 0xe0, 0xe0, 0xe0, 0xed, 0xd6, 0x0,
    0x0, 0x28, 0xfe, 0xe8, 0xc2, 0x18, 0x84, 0x98,
    0x51, 0xb4, 0x0, 0x0, 0x0, 0x8a, 0xa8, 0x0,
    0x0, 0x99, 0xc3, 0xce, 0xa4, 0xda, 0x91, 0x98,
    0x1a, 0xec, 0x4, 0x0, 0x0, 0xcf, 0x62, 0x0,
    0x24, 0xf4, 0x67, 0xcc, 0x3, 0x54, 0x8d, 0x93,
    0x0, 0xc9, 0x4e, 0x0, 0x2d, 0xf5, 0xe, 0x0,
    0xa4, 0xa0, 0x4c, 0xcc, 0x0, 0x0, 0xa0, 0x81,
    0x0, 0x60, 0xcb, 0x2, 0xad, 0x8c, 0x0, 0x0,
    0x62, 0x1b, 0x4c, 0xcc, 0x0, 0x0, 0xd0, 0x63,
    0x0, 0x4, 0xd0, 0xb8, 0xe5, 0x12, 0x0, 0x0,
    0x0, 0x0, 0x4c, 0xcc, 0x0, 0x1b, 0xfe, 0x23,
    0x0, 0x0, 0x71, 0xff, 0x96, 0x0, 0x0, 0x0,
    0x0, 0x0, 0x4c, 0xcc, 0x0, 0x8e, 0xca, 0x0,
    0x7, 0x87, 0xf3, 0x75, 0xeb, 0xa3, 0xf, 0x0,
    0x0, 0x0, 0x4c, 0xcc, 0x3d, 0xfb, 0x4e, 0x5f,
    0xdf, 0xd4, 0x2d, 0x0, 0x26, 0xdb, 0xeb, 0x5b,
    0x0, 0x0, 0x4c, 0xcc, 0x5e, 0x90, 0x11, 0xd0,
    0x7b, 0x6, 0x0, 0x0, 0x0, 0xd, 0x9b, 0x30,
    0x0, 0x0, 0x0, 0x0, 0x0, 0x1, 0x0, 0x0,
    0x0, 0x0, 0x0, 0x0, 0x0, 0x0, 0x0, 0x0,

    /* U+68C0 "检" */
    0x0, 0x0, 0x13, 0x3b, 0x0, 0x0, 0x0, 0x0,
    0x0, 0x0, 0x24, 0x16, 0x0, 0x0, 0x0, 0x0,
    0x0, 0x0, 0x0, 0x44, 0xd4, 0x0, 0x0, 0x0,
    0x0, 0x0, 0x41, 0xff, 0x9f, 0x0, 0x0, 0x0,
    0x0, 0x0, 0x0, 0x0, 0x44, 0xd4, 0x0, 0x0,
    0x0, 0x0, 0x7, 0xd3, 0xab, 0xf7, 0x3b, 0x0,
    0x0, 0x0, 0x0, 0x4, 0x8, 0x49, 0xd5, 0x8,
    0x7, 0x0, 0x0, 0x93, 0xdd, 0xa, 0x81, 0xe5,
    0x19, 0x0, 0x0, 0x0, 0x84, 0xff, 0xff, 0xff,
    0xff, 0xec, 0x0, 0x6a, 0xf8, 0x34, 0x0, 0x3,
    0xbb, 0xd4, 0x19, 0x0, 0x0, 0x0, 0x0, 0x92,
    0xd4, 0x0, 0x0, 0x67, 0xfd, 0x60, 0x0, 0x0,
    0x0, 0xe, 0xc9, 0xe0, 0x39, 0x0, 0x0, 0x1,
    0xe3, 0xd4, 0x0, 0x51, 0xff, 0x8e, 0x38, 0x38,
    0x38, 0x38, 0x38, 0x42, 0xb8, 0xd8, 0x4, 0x0,
    0x38, 0xf8, 0xe4, 0xb9, 0x10, 0x48, 0x6c, 0xe0,
    0xe0, 0xe0, 0xe0, 0xe0, 0xce, 0x3, 0x1d, 0x0,
    0x0, 0xa6, 0xaa, 0xd4, 0x9b, 0xac, 0x0, 0x1,
    0x0, 0x38, 0x4d, 0x0, 0x0, 0x2e, 0x10, 0x0,
    0x0, 0x2b, 0xf5, 0x54, 0xd4, 0xa, 0x40, 0x60,
    0xae, 0x0, 0x5f, 0xc5, 0x0, 0x0, 0xde, 0x76,
    0x0, 0x0, 0x90, 0x91, 0x44, 0xd4, 0x0, 0x0,
    0x2c, 0xf8, 0xe, 0x1c, 0xfa, 0xb, 0x29, 0xfe,
    0x1f, 0x0, 0x0, 0x41, 0x14, 0x44, 0xd4, 0x0,
    0x0, 0x0, 0xe0, 0x54, 0x0, 0xe6, 0x46, 0x78,
    0xc2, 0x0, 0x0, 0x0, 0x0, 0x0, 0x44, 0xd4,
    0x0, 0x0, 0x0, 0x9d, 0x99, 0x0, 0x78, 0x3b,
    0xcd, 0x65, 0x0, 0x0, 0x0, 0x0, 0x0, 0x44,
    0xd4, 0x0, 0x0, 0x0, 0x14, 0x6, 0x0, 0x0,
    0x29, 0xf5, 0xf, 0x0, 0x0, 0x0, 0x0, 0x0,
    0x44, 0xd4, 0x0, 0x6e, 0xec, 0xec, 0xec, 0xec,
    0xec, 0xf3, 0xfc, 0xec, 0xec, 0xad, 0x0, 0x0,
    0x0, 0x44, 0xd4, 0x0, 0x16, 0x30, 0x30, 0x30,
    0x30, 0x30, 0x30, 0x30, 0x30, 0x30, 0x23, 0x0,

    /* U+6C34 "水" */
    0x0, 0x0, 0x0, 0x0, 0x0, 0x0, 0x0, 0x12,
    0x7, 0x0, 0x0, 0x0, 0x0, 0x0, 0x0, 0x0,
    0x0, 0x0, 0x0, 0x0, 0x0, 0x0, 0x0, 0xe8,
    0x5c, 0x0, 0x0, 0x0, 0x0, 0x0, 0x0, 0x0,
    0x0, 0x0, 0x0, 0x0, 0x0, 0x0, 0x0, 0xe8,
    0x5c, 0x0, 0x0, 0x0, 0x0, 0x0, 0x0, 0x0,
    0x0, 0x0, 0x0, 0x0, 0x0, 0x0, 0x0, 0xe8,
    0x6b, 0x0, 0x0, 0x0, 0x5, 0x55, 0x0, 0x0,
    0x15, 0x3c, 0x3c, 0x3c, 0x3c, 0x3c, 0x1, 0xe8,
    0xc9, 0x0, 0x0, 0x1, 0xa7, 0xf5, 0x23, 0x0,
    0x57, 0xf4, 0xf4, 0xf4, 0xf6, 0xff, 0x7, 0xe8,
    0xff, 0x38, 0x2, 0x9c, 0xee, 0x39, 0x0, 0x0,
    0x0, 0x0, 0x0, 0x0, 0x67, 0xd6, 0x0, 0xe8,
    0xe8, 0xbc, 0xac, 0xe5, 0x2c, 0x0, 0x0, 0x0,
    0x0, 0x0, 0x0, 0x0, 0xbc, 0x83, 0x0, 0xe8,
    0x78, 0xf8, 0xdd, 0x21, 0x0, 0x0, 0x0, 0x0,
    0x0, 0x0, 0x0, 0x2a, 0xfc, 0x29, 0x0, 0xe8,
    0x5c, 0x91, 0xe0, 0xe, 0x0, 0x0, 0x0, 0x0,
    0x0, 0x0, 0x0, 0xa7, 0xb2, 0x0, 0x0, 0xe8,
    0x5c, 0xd, 0xe1, 0xa6, 0x0, 0x0, 0x0, 0x0,
    0x0, 0x0, 0x42, 0xfd, 0x38, 0x0, 0x0, 0xe8,
    0x5c, 0x0, 0x43, 0xfd, 0x7f, 0x0, 0x0, 0x0,
    0x0, 0xe, 0xe0, 0x9c, 0x0, 0x0, 0x0, 0xe8,
    0x5c, 0x0, 0x0, 0x70, 0xff, 0x7a, 0x0, 0x0,
    0x3, 0xb6, 0xe6, 0x10, 0x0, 0x0, 0x0, 0xe8,
    0x5c, 0x0, 0x0, 0x0, 0x8c, 0xff, 0x99, 0x8,
    0x80, 0xf6, 0x36, 0x0, 0x0, 0x0, 0x0, 0xec,
    0x5a, 0x0, 0x0, 0x0, 0x0, 0x7c, 0xfc, 0x47,
    0x1a, 0x4c, 0x0, 0x0, 0x53, 0x4c, 0x74, 0xff,
    0x3b, 0x0, 0x0, 0x0, 0x0, 0x0, 0x27, 0x0,
    0x0, 0x0, 0x0, 0x0, 0xc7, 0xff, 0xf7, 0x9f,
    0x0, 0x0, 0x0, 0x0, 0x0, 0x0, 0x0, 0x0,
    0x0, 0x0, 0x0, 0x0, 0x0, 0x3, 0x1, 0x0,
    0x0, 0x0, 0x0, 0x0, 0x0, 0x0, 0x0, 0x0,

    /* U+6D4B "测" */
    0x0, 0x0, 0x0, 0x0, 0x0, 0x0, 0x0, 0x0,
    0x0, 0x0, 0x0, 0x0, 0x0, 0x0, 0x5, 0x16,
    0x0, 0x1f, 0xac, 0x15, 0x0, 0x49, 0x50, 0x50,
    0x50, 0x50, 0x4d, 0x0, 0x0, 0x0, 0x38, 0xec,
    0x0, 0xa, 0xc1, 0xdb, 0x20, 0xec, 0xc9, 0xbc,
    0xbc, 0xc6, 0xf8, 0x0, 0xdd, 0x2d, 0x38, 0xec,
    0x0, 0x0, 0xc, 0xc4, 0x74, 0xec, 0x34, 0x0,
    0x0, 0x28, 0xf8, 0x0, 0xe8, 0x30, 0x38, 0xec,
    0x0, 0x0, 0x0, 0x7, 0x0, 0xec, 0x34, 0x3e,
    0xce, 0x28, 0xf8, 0x0, 0xe8, 0x30, 0x38, 0xec,
    0x1, 0x96, 0x40, 0x0, 0x0, 0xec, 0x34, 0x44,
    0xe0, 0x28, 0xf8, 0x0, 0xe8, 0x30, 0x38, 0xec,
    0x0, 0x79, 0xf9, 0x61, 0x0, 0xec, 0x34, 0x44,
    0xe0, 0x28, 0xf8, 0x0, 0xe8, 0x30, 0x38, 0xec,
    0x0, 0x0, 0x6e, 0xd5, 0x8, 0xec, 0x34, 0x44,
    0xdf, 0x28, 0xf8, 0x0, 0xe8, 0x30, 0x38, 0xec,
    0x0, 0x0, 0x0, 0x8, 0x0, 0xec, 0x34, 0x48,
    0xd8, 0x28, 0xf8, 0x0, 0xe8, 0x30, 0x38, 0xec,
    0x0, 0x0, 0x4, 0x27, 0x0, 0xec, 0x34, 0x57,
    0xcb, 0x28, 0xf8, 0x0, 0xe8, 0x30, 0x38, 0xec,
    0x0, 0x0, 0x35, 0xfd, 0x1d, 0xec, 0x34, 0x7b,
    0xaf, 0x28, 0xf8, 0x0, 0xe8, 0x30, 0x38, 0xec,
    0x0, 0x0, 0x70, 0xe3, 0x0, 0x79, 0x1a, 0xbe,
    0x86, 0x14, 0x7f, 0x0, 0xe8, 0x30, 0x38, 0xec,
    0x0, 0x0, 0xac, 0xa1, 0x0, 0x0, 0x38, 0xfe,
    0xf0, 0x49, 0x0, 0x0, 0x5e, 0x13, 0x38, 0xec,
    0x0, 0x5, 0xf0, 0x5f, 0x0, 0x1d, 0xe0, 0x9a,
    0x4f, 0xf4, 0x5b, 0x0, 0x0, 0x0, 0x38, 0xec,
    0x0, 0x43, 0xff, 0x1e, 0x40, 0xe6, 0xbc, 0x7,
    0x0, 0x47, 0xf5, 0x55, 0x40, 0x33, 0x93, 0xe0,
    0x0, 0x51, 0xcd, 0x2f, 0xfc, 0x94, 0x5, 0x0,
    0x0, 0x0, 0x47, 0x1c, 0xe8, 0xff, 0xf3, 0x6b,
    0x0, 0x0, 0x2, 0x0, 0x23, 0x0, 0x0, 0x0,
    0x0, 0x0, 0x0, 0x0, 0x0, 0x2, 0x0, 0x0,

    /* U+6D69 "浩" */
    0x0, 0x2, 0x0, 0x0, 0x0, 0x0, 0x0, 0x0,
    0x0, 0x21, 0x4f, 0x0, 0x0, 0x0, 0x0, 0x0,
    0xb, 0xd4, 0x54, 0x0, 0x0, 0x0, 0x5d, 0x51,
    0x0, 0x5c, 0xdc, 0x0, 0x0, 0x0, 0x0, 0x0,
    0x0, 0x63, 0xfa, 0x7f, 0x1, 0x0, 0xd5, 0x76,
    0x0, 0x5c, 0xdc, 0x0, 0x0, 0x0, 0x0, 0x0,
    0x0, 0x0, 0x50, 0xc6, 0xd, 0x21, 0xff, 0xe9,
    0xe0, 0xeb, 0xfb, 0xe0, 0xe0, 0xe0, 0xb6, 0x0,
    0x0, 0x0, 0x0, 0x1, 0x0, 0x8f, 0xc8, 0x40,
    0x40, 0x85, 0xe5, 0x40, 0x40, 0x40, 0x34, 0x0,
    0x7e, 0xaa, 0xe, 0x0, 0x15, 0xf5, 0x52, 0x0,
    0x0, 0x5c, 0xdc, 0x0, 0x0, 0x0, 0x0, 0x0,
    0x26, 0xd9, 0xd7, 0x24, 0x2, 0x5c, 0x3, 0x0,
    0x0, 0x5c, 0xdc, 0x0, 0x0, 0x0, 0x0, 0x0,
    0x0, 0x13, 0xc6, 0x55, 0xe0, 0xf4, 0xf4, 0xf4,
    0xf4, 0xf8, 0xfe, 0xf4, 0xf4, 0xf4, 0xf4, 0x94,
    0x0, 0x0, 0x2, 0x0, 0x28, 0x2c, 0x2c, 0x2c,
    0x2c, 0x2c, 0x2c, 0x2c, 0x2c, 0x2c, 0x2c, 0x1a,
    0x0, 0x0, 0x11, 0x0, 0x0, 0x5, 0x18, 0x18,
    0x18, 0x18, 0x18, 0x18, 0x18, 0x18, 0xa, 0x0,
    0x0, 0x0, 0xbb, 0x81, 0x0, 0x38, 0xff, 0xff,
    0xff, 0xff, 0xff, 0xff, 0xff, 0xff, 0x70, 0x0,
    0x0, 0x10, 0xfa, 0x58, 0x0, 0x38, 0xf8, 0x0,
    0x0, 0x0, 0x0, 0x0, 0x0, 0xc0, 0x70, 0x0,
    0x0, 0x5c, 0xf5, 0xb, 0x0, 0x38, 0xf8, 0x0,
    0x0, 0x0, 0x0, 0x0, 0x0, 0xc0, 0x70, 0x0,
    0x0, 0xbd, 0xa9, 0x0, 0x0, 0x38, 0xf8, 0x0,
    0x0, 0x0, 0x0, 0x0, 0x0, 0xc0, 0x70, 0x0,
    0x23, 0xfe, 0x51, 0x0, 0x0, 0x38, 0xff, 0xf8,
    0xf8, 0xf8, 0xf8, 0xf8, 0xf8, 0xfe, 0x70, 0x0,
    0x3b, 0xcf, 0x7, 0x0, 0x0, 0x38, 0xf9, 0x20,
    0x20, 0x20, 0x20, 0x20, 0x20, 0xc8, 0x70, 0x0,
    0x0, 0x0, 0x0, 0x0, 0x0, 0x0, 0x0, 0x0,
    0x0, 0x0, 0x0, 0x0, 0x0, 0x0, 0x0, 0x0,

    /* U+7136 "然" */
    0x0, 0x0, 0x0, 0x4f, 0x31, 0x0, 0x0, 0x0,
    0x0, 0x0, 0x36, 0x4a, 0x0, 0x6, 0x0, 0x0,
    0x0, 0x0, 0x2, 0xe4, 0x65, 0x0, 0x0, 0x0,
    0x0, 0x0, 0x82, 0xae, 0x5c, 0xc5, 0x12, 0x0,
    0x0, 0x0, 0x52, 0xff, 0xf9, 0xf8, 0xf8, 0xe0,
    0x0, 0x0, 0x83, 0xac, 0x2, 0xa0, 0xd1, 0x4,
    0x0, 0x1, 0xce, 0x86, 0x28, 0x28, 0x84, 0xd3,
    0x0, 0x0, 0x89, 0xa7, 0x0, 0x2, 0x35, 0x0,
    0x0, 0x64, 0xe2, 0x48, 0x4b, 0x0, 0xad, 0xa2,
    0xd4, 0xd4, 0xec, 0xf0, 0xd4, 0xd4, 0xd4, 0x70,
    0x1c, 0xed, 0x57, 0x3e, 0xdf, 0xb4, 0xf8, 0x45,
    0x4c, 0x4c, 0xd2, 0xf2, 0x4d, 0x4c, 0x4c, 0x28,
    0xb2, 0xac, 0x70, 0x24, 0xb, 0xca, 0xd2, 0x1,
    0x0, 0x9, 0xf6, 0xf4, 0x3a, 0x0, 0x0, 0x0,
    0x31, 0x14, 0x6d, 0xee, 0x87, 0xfb, 0x4b, 0x0,
    0x0, 0x7c, 0xd8, 0x7d, 0xb5, 0x0, 0x0, 0x0,
    0x0, 0x0, 0x0, 0x4d, 0xff, 0x9e, 0x0, 0x0,
    0x38, 0xf6, 0x54, 0x15, 0xef, 0x62, 0x0, 0x0,
    0x0, 0x0, 0x2a, 0xe3, 0xbf, 0x7, 0x0, 0x41,
    0xf1, 0x96, 0x0, 0x0, 0x60, 0xfc, 0x63, 0x0,
    0x3, 0x73, 0xf4, 0xad, 0x9, 0x0, 0x8b, 0xfd,
    0x8f, 0x1, 0x0, 0x0, 0x0, 0x7c, 0xff, 0x91,
    0x2f, 0xe6, 0x6b, 0x0, 0x0, 0x0, 0x60, 0x4c,
    0x0, 0x0, 0x0, 0x0, 0x0, 0x23, 0x4c, 0x1f,
    0x0, 0xa, 0xd3, 0x34, 0x3, 0x9c, 0x1b, 0x0,
    0xd, 0xb9, 0x16, 0x0, 0x2c, 0xf9, 0x2e, 0x0,
    0x0, 0x64, 0xe5, 0x6, 0x0, 0xb9, 0x96, 0x0,
    0x0, 0xbd, 0x93, 0x0, 0x0, 0xa5, 0xcb, 0x2,
    0x9, 0xe3, 0x6e, 0x0, 0x0, 0x43, 0xf9, 0x1e,
    0x0, 0x40, 0xf9, 0x21, 0x0, 0x1b, 0xf4, 0x63,
    0x22, 0xa5, 0x6, 0x0, 0x0, 0x0, 0x6b, 0x13,
    0x0, 0x0, 0x46, 0x4, 0x0, 0x0, 0x3e, 0x9,

    /* U+738B "王" */
    0x0, 0x63, 0xf4, 0xf4, 0xf4, 0xf4, 0xf4, 0xf4,
    0xf4, 0xf4, 0xf4, 0xf4, 0xf4, 0xf4, 0xcd, 0x0,
    0x0, 0x1e, 0x4c, 0x4c, 0x4c, 0x4c, 0x4c, 0xa3,
    0xec, 0x4c, 0x4c, 0x4c, 0x4c, 0x4c, 0x40, 0x0,
    0x0, 0x0, 0x0, 0x0, 0x0, 0x0, 0x0, 0x7c,
    0xe4, 0x0, 0x0, 0x0, 0x0, 0x0, 0x0, 0x0,
    0x0, 0x0, 0x0, 0x0, 0x0, 0x0, 0x0, 0x7c,
    0xe4, 0x0, 0x0, 0x0, 0x0, 0x0, 0x0, 0x0,
    0x0, 0x0, 0x0, 0x0, 0x0, 0x0, 0x0, 0x7c,
    0xe4, 0x0, 0x0, 0x0, 0x0, 0x0, 0x0, 0x0,
    0x0, 0x0, 0x23, 0x2c, 0x2c, 0x2c, 0x2c, 0x92,
    0xe8, 0x2c, 0x2c, 0x2c, 0x2c, 0x2c, 0xf, 0x0,
    0x0, 0x0, 0xd0, 0xff, 0xff, 0xff, 0xff, 0xff,
    0xff, 0xff, 0xff, 0xff, 0xff, 0xff, 0x58, 0x0,
    0x0, 0x0, 0x10, 0x14, 0x14, 0x14, 0x14, 0x86,
    0xe6, 0x14, 0x14, 0x14, 0x14, 0x14, 0x6, 0x0,
    0x0, 0x0, 0x0, 0x0, 0x0, 0x0, 0x0, 0x7c,
    0xe4, 0x0, 0x0, 0x0, 0x0, 0x0, 0x0, 0x0,
    0x0, 0x0, 0x0, 0x0, 0x0, 0x0, 0x0, 0x7c,
    0xe4, 0x0, 0x0, 0x0, 0x0, 0x0, 0x0, 0x0,
    0x0, 0x0, 0x0, 0x0, 0x0, 0x0, 0x0, 0x7c,
    0xe4, 0x0, 0x0, 0x0, 0x0, 0x0, 0x0, 0x0,
    0x8, 0x20, 0x20, 0x20, 0x20, 0x20, 0x20, 0x8c,
    0xe7, 0x20, 0x20, 0x20, 0x20, 0x20, 0x20, 0x16,
    0x44, 0xff, 0xff, 0xff, 0xff, 0xff, 0xff, 0xff,
    0xff, 0xff, 0xff, 0xff, 0xff, 0xff, 0xff, 0xb4,
    0x9, 0x24, 0x24, 0x24, 0x24, 0x24, 0x24, 0x24,
    0x24, 0x24, 0x24, 0x24, 0x24, 0x24, 0x24, 0x19,

    /* U+73AF "环" */
    0x0, 0x0, 0x0, 0x0, 0x0, 0x0, 0x3f, 0x84,
    0x84, 0x84, 0x84, 0x84, 0x84, 0x84, 0x84, 0x10,
    0x8d, 0xf4, 0xf4, 0xf4, 0xf4, 0xe4, 0x51, 0xa8,
    0xa8, 0xbd, 0xff, 0xac, 0xa8, 0xa8, 0xa8, 0x15,
    0x19, 0x2c, 0x7b, 0xe2, 0x2c, 0x29, 0x0, 0x0,
    0x0, 0x78, 0xd4, 0x0, 0x0, 0x0, 0x0, 0x0,
    0x0, 0x0, 0x60, 0xdc, 0x0, 0x0, 0x0, 0x0,
    0x0, 0xcd, 0x80, 0x0, 0x0, 0x0, 0x0, 0x0,
    0x0, 0x0, 0x60, 0xdc, 0x0, 0x0, 0x0, 0x0,
    0x26, 0xff, 0x2c, 0x0, 0x0, 0x0, 0x0, 0x0,
    0x72, 0xf4, 0xf8, 0xfe, 0xf4, 0xe0, 0x0, 0x0,
    0x95, 0xf7, 0xa2, 0x20, 0x27, 0x0, 0x0, 0x0,
    0x14, 0x2c, 0x7b, 0xe2, 0x2c, 0x28, 0x0, 0x11,
    0xf4, 0x9d, 0xec, 0x93, 0xd3, 0x8, 0x0, 0x0,
    0x0, 0x0, 0x60, 0xdc, 0x0, 0x0, 0x0, 0x89,
    0xcc, 0x50, 0xec, 0xe, 0xe4, 0x93, 0x0, 0x0,
    0x0, 0x0, 0x60, 0xdc, 0x0, 0x0, 0x23, 0xf9,
    0x4d, 0x50, 0xec, 0x0, 0x4c, 0xff, 0x48, 0x0,
    0x0, 0x0, 0x61, 0xea, 0x92, 0xaf, 0xb7, 0xbd,
    0x0, 0x50, 0xec, 0x0, 0x0, 0xa7, 0xe4, 0xf,
    0x65, 0xc4, 0xfb, 0xe5, 0x93, 0xa9, 0xf0, 0x1d,
    0x0, 0x50, 0xec, 0x0, 0x0, 0x15, 0xeb, 0x8d,
    0x87, 0x91, 0x3b, 0x1, 0x5, 0xdc, 0x5c, 0x0,
    0x0, 0x50, 0xec, 0x0, 0x0, 0x0, 0x43, 0x19,
    0x0, 0x0, 0x0, 0x0, 0x0, 0xf, 0x0, 0x0,
    0x0, 0x50, 0xec, 0x0, 0x0, 0x0, 0x0, 0x0,
    0x0, 0x0, 0x0, 0x0, 0x0, 0x0, 0x0, 0x0,
    0x0, 0x50, 0xec, 0x0, 0x0, 0x0, 0x0, 0x0,
    0x0, 0x0, 0x0, 0x0, 0x0, 0x0, 0x0, 0x0,
    0x0, 0x50, 0xec, 0x0, 0x0, 0x0, 0x0, 0x0,

    /* U+751F "生" */
    0x0, 0x0, 0x0, 0x0, 0x0, 0x0, 0x0, 0x15,
    0x5c, 0xa, 0x0, 0x0, 0x0, 0x0, 0x0, 0x0,
    0x0, 0x0, 0x0, 0x21, 0x69, 0x8, 0x0, 0x3c,
    0xff, 0x1c, 0x0, 0x0, 0x0, 0x0, 0x0, 0x0,
    0x0, 0x0, 0x0, 0x8d, 0xdc, 0x1, 0x0, 0x3c,
    0xff, 0x1c, 0x0, 0x0, 0x0, 0x0, 0x0, 0x0,
    0x0, 0x0, 0x10, 0xef, 0x7c, 0xc, 0xc, 0x45,
    0xff, 0x26, 0xc, 0xc, 0xc, 0xc, 0xc, 0x0,
    0x0, 0x0, 0x84, 0xff, 0xff, 0xff, 0xff, 0xff,
    0xff, 0xff, 0xff, 0xff, 0xff, 0xff, 0xff, 0x14,
    0x0, 0x28, 0xf8, 0x79, 0x28, 0x28, 0x28, 0x5a,
    0xff, 0x3f, 0x28, 0x28, 0x28, 0x28, 0x28, 0x3,
    0x8, 0xcc, 0xca, 0x2, 0x0, 0x0, 0x0, 0x3c,
    0xff, 0x1c, 0x0, 0x0, 0x0, 0x0, 0x0, 0x0,
    0x65, 0xf0, 0x25, 0x0, 0x0, 0x0, 0x0, 0x3c,
    0xff, 0x1c, 0x0, 0x0, 0x0, 0x0, 0x0, 0x0,
    0x5, 0x37, 0x2d, 0x3c, 0x3c, 0x3c, 0x3c, 0x69,
    0xff, 0x51, 0x3c, 0x3c, 0x3c, 0x3c, 0x26, 0x0,
    0x0, 0x0, 0xbd, 0xf8, 0xf8, 0xf8, 0xf8, 0xf9,
    0xff, 0xf8, 0xf8, 0xf8, 0xf8, 0xf8, 0x9e, 0x0,
    0x0, 0x0, 0x0, 0x0, 0x0, 0x0, 0x0, 0x3c,
    0xff, 0x1c, 0x0, 0x0, 0x0, 0x0, 0x0, 0x0,
    0x0, 0x0, 0x0, 0x0, 0x0, 0x0, 0x0, 0x3c,
    0xff, 0x1c, 0x0, 0x0, 0x0, 0x0, 0x0, 0x0,
    0x0, 0x0, 0x0, 0x0, 0x0, 0x0, 0x0, 0x3c,
    0xff, 0x1c, 0x0, 0x0, 0x0, 0x0, 0x0, 0x0,
    0x5, 0xc, 0xc, 0xc, 0xc, 0xc, 0xc, 0x45,
    0xff, 0x26, 0xc, 0xc, 0xc, 0xc, 0xc, 0xb,
    0x7c, 0xff, 0xff, 0xff, 0xff, 0xff, 0xff, 0xff,
    0xff, 0xff, 0xff, 0xff, 0xff, 0xff, 0xff, 0xec,
    0x11, 0x24, 0x24, 0x24, 0x24, 0x24, 0x24, 0x24,
    0x24, 0x24, 0x24, 0x24, 0x24, 0x24, 0x24, 0x21,

    /* U+76D1 "监" */
    0x0, 0x0, 0x0, 0x0, 0x0, 0x35, 0x17, 0x0,
    0x0, 0x1e, 0x2f, 0x0, 0x0, 0x0, 0x0, 0x0,
    0x0, 0x13, 0x53, 0x0, 0x0, 0xd4, 0x5c, 0x0,
    0x0, 0x9e, 0xbc, 0x0, 0x0, 0x0, 0x0, 0x0,
    0x0, 0x38, 0xf4, 0x0, 0x0, 0xd4, 0x5c, 0x0,
    0x15, 0xf8, 0x5d, 0x10, 0x10, 0x10, 0x10, 0xc,
    0x0, 0x38, 0xf4, 0x0, 0x0, 0xd4, 0x5c, 0x0,
    0x80, 0xff, 0xff, 0xff, 0xff, 0xff, 0xff, 0xc8,
    0x0, 0x38, 0xf4, 0x0, 0x0, 0xd4, 0x5c, 0x25,
    0xf6, 0x55, 0xb, 0x8, 0x8, 0x8, 0x8, 0x6,
    0x0, 0x38, 0xf4, 0x0, 0x0, 0xd4, 0x5d, 0xc3,
    0xbb, 0x0, 0xa4, 0x99, 0x6, 0x0, 0x0, 0x0,
    0x0, 0x38, 0xf4, 0x0, 0x0, 0xd4, 0x7f, 0xdc,
    0x1e, 0x0, 0x20, 0xcf, 0xc7, 0x1a, 0x0, 0x0,
    0x0, 0x38, 0xf4, 0x0, 0x0, 0xd4, 0x5c, 0x4,
    0x0, 0x0, 0x0, 0xa, 0xb3, 0xe1, 0xb, 0x0,
    0x0, 0x7, 0x1e, 0x0, 0x0, 0x98, 0x42, 0x0,
    0x0, 0x0, 0x0, 0x0, 0x3, 0x34, 0x0, 0x0,
    0x0, 0x0, 0x8c, 0xe0, 0xe0, 0xe0, 0xe0, 0xe0,
    0xe0, 0xe0, 0xe0, 0xe0, 0xe0, 0xe0, 0xe, 0x0,
    0x0, 0x0, 0xa0, 0xa8, 0x38, 0x4d, 0xff, 0x41,
    0x38, 0xb5, 0xa2, 0x38, 0x51, 0xff, 0x10, 0x0,
    0x0, 0x0, 0xa0, 0x90, 0x0, 0x1c, 0xff, 0xc,
    0x0, 0xa0, 0x88, 0x0, 0x20, 0xff, 0x10, 0x0,
    0x0, 0x0, 0xa0, 0x90, 0x0, 0x1c, 0xff, 0xc,
    0x0, 0xa0, 0x88, 0x0, 0x20, 0xff, 0x10, 0x0,
    0x0, 0x0, 0xa0, 0x90, 0x0, 0x1c, 0xff, 0xc,
    0x0, 0xa0, 0x88, 0x0, 0x20, 0xff, 0x10, 0x0,
    0x60, 0xd4, 0xef, 0xec, 0xd4, 0xd8, 0xff, 0xd6,
    0xd4, 0xef, 0xeb, 0xd4, 0xd9, 0xff, 0xd6, 0xc3,
    0x22, 0x4c, 0x4c, 0x4c, 0x4c, 0x4c, 0x4c, 0x4c,
    0x4c, 0x4c, 0x4c, 0x4c, 0x4c, 0x4c, 0x4c, 0x46,

    /* U+76EE "目" */
    0x23, 0x54, 0x54, 0x54, 0x54, 0x54, 0x54, 0x54,
    0x54, 0x54, 0x54, 0x4d, 0x6c, 0xfb, 0xd4, 0xd4,
    0xd4, 0xd4, 0xd4, 0xd4, 0xd4, 0xd4, 0xe5, 0xec,
    0x6c, 0xe8, 0x0, 0x0, 0x0, 0x0, 0x0, 0x0,
    0x0, 0x0, 0x68, 0xec, 0x6c, 0xe8, 0x0, 0x0,
    0x0, 0x0, 0x0, 0x0, 0x0, 0x0, 0x68, 0xec,
    0x6c, 0xee, 0x40, 0x40, 0x40, 0x40, 0x40, 0x40,
    0x40, 0x40, 0x8e, 0xec, 0x6c, 0xfc, 0xd8, 0xd8,
    0xd8, 0xd8, 0xd8, 0xd8, 0xd8, 0xd8, 0xe8, 0xec,
    0x6c, 0xe8, 0x0, 0x0, 0x0, 0x0, 0x0, 0x0,
    0x0, 0x0, 0x68, 0xec, 0x6c, 0xe8, 0x0, 0x0,
    0x0, 0x0, 0x0, 0x0, 0x0, 0x0, 0x68, 0xec,
    0x6c, 0xed, 0x3c, 0x3c, 0x3c, 0x3c, 0x3c, 0x3c,
    0x3c, 0x3c, 0x8b, 0xec, 0x6c, 0xfc, 0xdc, 0xdc,
    0xdc, 0xdc, 0xdc, 0xdc, 0xdc, 0xdc, 0xea, 0xec,
    0x6c, 0xe8, 0x0, 0x0, 0x0, 0x0, 0x0, 0x0,
    0x0, 0x0, 0x68, 0xec, 0x6c, 0xe8, 0x0, 0x0,
    0x0, 0x0, 0x0, 0x0, 0x0, 0x0, 0x68, 0xec,
    0x6c, 0xed, 0x38, 0x38, 0x38, 0x38, 0x38, 0x38,
    0x38, 0x38, 0x89, 0xec, 0x6c, 0xfe, 0xf4, 0xf4,
    0xf4, 0xf4, 0xf4, 0xf4, 0xf4, 0xf4, 0xf8, 0xec,
    0x6c, 0xe8, 0x0, 0x0, 0x0, 0x0, 0x0, 0x0,
    0x0, 0x0, 0x68, 0xec,

    /* U+79F0 "称" */
    0x0, 0x0, 0x0, 0x0, 0x0, 0x0, 0x0, 0x0,
    0x23, 0x16, 0x0, 0x0, 0x0, 0x0, 0x0, 0x0,
    0x0, 0x0, 0xc, 0x2a, 0x4c, 0x71, 0x37, 0x0,
    0xc3, 0x9c, 0x0, 0x0, 0x0, 0x0, 0x0, 0x0,
    0x73, 0xf1, 0xff, 0xff, 0xda, 0xb7, 0x53, 0x3a,
    0xfe, 0x29, 0x0, 0x0, 0x0, 0x0, 0x0, 0x0,
    0x1b, 0x35, 0x38, 0xfc, 0x0, 0x0, 0x0, 0xb9,
    0xfe, 0xf4, 0xf4, 0xf4, 0xf4, 0xf4, 0xf4, 0x50,
    0x0, 0x0, 0x20, 0xfc, 0x0, 0x0, 0x54, 0xfa,
    0x41, 0x28, 0x28, 0x28, 0x28, 0x64, 0xfe, 0x2a,
    0x92, 0xcc, 0xd2, 0xff, 0xcc, 0xcc, 0xe4, 0x88,
    0x0, 0x0, 0xec, 0x30, 0x0, 0xbe, 0xac, 0x0,
    0x30, 0x44, 0x7c, 0xfd, 0x44, 0x44, 0x5c, 0x7,
    0x0, 0x0, 0xfc, 0x34, 0x0, 0x53, 0x25, 0x0,
    0x0, 0x0, 0xa2, 0xfc, 0x47, 0x0, 0x0, 0x40,
    0x65, 0x0, 0xfc, 0x34, 0x74, 0x37, 0x0, 0x0,
    0x0, 0xe, 0xf5, 0xfd, 0xdd, 0x88, 0x0, 0xad,
    0xa6, 0x0, 0xfc, 0x34, 0xa4, 0xbf, 0x0, 0x0,
    0x0, 0x75, 0xd7, 0xfc, 0x28, 0xee, 0x40, 0xf8,
    0x4e, 0x0, 0xfc, 0x34, 0x2e, 0xff, 0x3d, 0x0,
    0x14, 0xf0, 0x67, 0xfc, 0x0, 0x17, 0x64, 0xef,
    0x6, 0x0, 0xfc, 0x34, 0x0, 0xb9, 0xb5, 0x0,
    0x92, 0xce, 0x21, 0xfc, 0x0, 0x0, 0xcf, 0x92,
    0x0, 0x0, 0xfc, 0x34, 0x0, 0x4e, 0xfe, 0x29,
    0x84, 0x3c, 0x20, 0xfc, 0x0, 0x3c, 0xff, 0x28,
    0x0, 0x0, 0xfc, 0x34, 0x0, 0x2, 0xe0, 0x95,
    0x6, 0x0, 0x20, 0xfc, 0x0, 0x29, 0x7d, 0x0,
    0x0, 0x0, 0xfc, 0x34, 0x0, 0x0, 0x50, 0x31,
    0x0, 0x0, 0x20, 0xfc, 0x0, 0x0, 0x0, 0x21,
    0x35, 0x4a, 0xff, 0x28, 0x0, 0x0, 0x0, 0x0,
    0x0, 0x0, 0x20, 0xfc, 0x0, 0x0, 0x0, 0x66,
    0xff, 0xfd, 0xb2, 0x2, 0x0, 0x0, 0x0, 0x0,
    0x0, 0x0, 0x0, 0x0, 0x0, 0x0, 0x0, 0x0,
    0x3, 0x4, 0x0, 0x0, 0x0, 0x0, 0x0, 0x0,

    /* U+7CFB "系" */
    0x0, 0x0, 0x0, 0x0, 0x1, 0xc, 0x1b, 0x2a,
    0x3a, 0x4c, 0x5f, 0x72, 0x88, 0x9f, 0x69, 0x0,
    0x0, 0x88, 0xe8, 0xf4, 0xfe, 0xff, 0xfb, 0xfe,
    0xdc, 0xc9, 0xb6, 0xa3, 0x8f, 0x7c, 0x4c, 0x0,
    0x0, 0x1b, 0x30, 0x22, 0x15, 0x23, 0xb5, 0xe3,
    0x28, 0x0, 0x0, 0x0, 0x22, 0x0, 0x0, 0x0,
    0x0, 0x0, 0x0, 0x3, 0x6c, 0xea, 0x8b, 0xc,
    0x0, 0x0, 0x9, 0x8c, 0xfb, 0x51, 0x0, 0x0,
    0x0, 0xc, 0x63, 0xd4, 0xbd, 0x44, 0x30, 0x40,
    0x50, 0x66, 0xda, 0xd4, 0x3a, 0x0, 0x0, 0x0,
    0x0, 0x1f, 0xfd, 0xfc, 0xea, 0xd6, 0xc2, 0xd1,
    0xff, 0xed, 0x6d, 0x4, 0x0, 0x0, 0x0, 0x0,
    0x0, 0x0, 0x17, 0x2, 0x0, 0x1b, 0x97, 0xef,
    0x86, 0x11, 0x2d, 0xc4, 0x23, 0x0, 0x0, 0x0,
    0x0, 0x0, 0x0, 0x21, 0x96, 0xe9, 0x88, 0x16,
    0x0, 0x0, 0x5, 0x9a, 0xed, 0x43, 0x0, 0x0,
    0x0, 0x35, 0xce, 0xff, 0xf5, 0xa7, 0xa2, 0xac,
    0xb8, 0xc3, 0xcf, 0xdb, 0xfe, 0xfb, 0x62, 0x0,
    0x0, 0x13, 0xc7, 0xa8, 0x93, 0x84, 0x76, 0x96,
    0xf2, 0x4d, 0x41, 0x35, 0x29, 0x78, 0xff, 0x33,
    0x0, 0x0, 0x0, 0xf, 0x69, 0x2, 0x0, 0x4c,
    0xec, 0x0, 0x18, 0x7a, 0x3, 0x0, 0x38, 0x0,
    0x0, 0x0, 0x15, 0xce, 0xd5, 0x17, 0x0, 0x4c,
    0xec, 0x0, 0x36, 0xeb, 0xc1, 0x19, 0x0, 0x0,
    0x0, 0x26, 0xd9, 0xc1, 0x10, 0x0, 0x0, 0x4c,
    0xec, 0x0, 0x0, 0x20, 0xd2, 0xe5, 0x35, 0x0,
    0x45, 0xef, 0xa7, 0x7, 0xb, 0x3e, 0x2c, 0x9a,
    0xdd, 0x0, 0x0, 0x0, 0xd, 0xb9, 0xf6, 0x41,
    0x39, 0x86, 0x1, 0x0, 0xc, 0xfd, 0xff, 0xf1,
    0x64, 0x0, 0x0, 0x0, 0x0, 0x4, 0x7c, 0xc,
    0x0, 0x0, 0x0, 0x0, 0x0, 0x0, 0x2, 0x0,
    0x0, 0x0, 0x0, 0x0, 0x0, 0x0, 0x0, 0x0,

    /* U+7EBF "线" */
    0x0, 0x0, 0x0, 0x37, 0x2, 0x0, 0x0, 0x0,
    0x1d, 0x39, 0x0, 0xc, 0x1, 0x0, 0x0, 0x0,
    0x0, 0x0, 0x28, 0xfe, 0x36, 0x0, 0x0, 0x0,
    0x69, 0xdc, 0x0, 0x94, 0xc2, 0x1f, 0x0, 0x0,
    0x0, 0x0, 0x9d, 0xb3, 0x0, 0x0, 0x0, 0x0,
    0x5e, 0xe3, 0x0, 0x6, 0x97, 0xe5, 0xa, 0x0,
    0x0, 0x22, 0xf8, 0x2c, 0x1, 0x0, 0x0, 0x0,
    0x53, 0xec, 0x0, 0x0, 0x0, 0x37, 0x2f, 0xc,
    0x0, 0xab, 0x9b, 0x0, 0xa0, 0x8e, 0x48, 0x65,
    0xa3, 0xfb, 0xbb, 0xd8, 0xf5, 0xff, 0xf0, 0x39,
    0x49, 0xee, 0x16, 0x2c, 0xfc, 0x58, 0xdc, 0xbe,
    0xb6, 0xff, 0x68, 0x48, 0x2b, 0xd, 0x0, 0x0,
    0xa1, 0xfa, 0xf2, 0xfc, 0x9f, 0x0, 0x0, 0x0,
    0x24, 0xff, 0x13, 0x0, 0x0, 0x0, 0x0, 0x0,
    0x1a, 0x2b, 0x6a, 0xed, 0x16, 0x0, 0x0, 0x0,
    0x11, 0xff, 0x60, 0x68, 0x8c, 0xb0, 0xd5, 0x97,
    0x0, 0x11, 0xe5, 0x5b, 0x0, 0x35, 0xb4, 0xd9,
    0xfa, 0xff, 0xe8, 0xbd, 0x97, 0x72, 0x4d, 0x1f,
    0x1, 0xaf, 0xb0, 0xb, 0x33, 0x4c, 0x73, 0x4f,
    0x2b, 0xc9, 0x72, 0x0, 0x0, 0xa1, 0x6b, 0x0,
    0x55, 0xff, 0xee, 0xfe, 0xf8, 0x61, 0x0, 0x0,
    0x0, 0x91, 0xab, 0x1, 0x8c, 0xef, 0x2e, 0x0,
    0x24, 0x78, 0x4d, 0x25, 0x3, 0x0, 0x0, 0x0,
    0x0, 0x4b, 0xf2, 0xa8, 0xea, 0x37, 0x1d, 0x10,
    0x0, 0x0, 0x0, 0x3, 0x33, 0x56, 0x0, 0x0,
    0x0, 0x48, 0xff, 0xda, 0x21, 0x0, 0x7d, 0xc1,
    0x34, 0x7e, 0xba, 0xf3, 0xf9, 0x9f, 0x0, 0x2c,
    0xb2, 0xfb, 0xc6, 0xe9, 0x18, 0x0, 0xa3, 0x95,
    0x84, 0xc6, 0x85, 0x44, 0xb, 0x52, 0xbe, 0xff,
    0xb5, 0x28, 0x6, 0xc9, 0xda, 0x61, 0xec, 0x57,
    0x0, 0x0, 0x0, 0x0, 0x0, 0xa1, 0xa2, 0x31,
    0x0, 0x0, 0x0, 0x10, 0x9f, 0xef, 0xbd, 0x6,

    /* U+7EDF "统" */
    0x0, 0x0, 0x0, 0x11, 0x0, 0x0, 0x0, 0x0,
    0x0, 0x20, 0xd, 0x0, 0x0, 0x0, 0x0, 0x0,
    0x0, 0x0, 0x4b, 0xf0, 0xf, 0x0, 0x0, 0x0,
    0x0, 0xcc, 0xab, 0x0, 0x0, 0x0, 0x0, 0x0,
    0x0, 0x0, 0xc5, 0x8a, 0x0, 0x24, 0x28, 0x28,
    0x28, 0x5b, 0xf0, 0x40, 0x28, 0x28, 0x28, 0xd,
    0x0, 0x4a, 0xed, 0x10, 0x0, 0xe0, 0xf4, 0xf4,
    0xfa, 0xf4, 0xf4, 0xf4, 0xf4, 0xf4, 0xf4, 0x50,
    0x5, 0xd7, 0x67, 0x2, 0x7f, 0x20, 0x0, 0x12,
    0xdf, 0x86, 0x0, 0x0, 0x7, 0x0, 0x0, 0x0,
    0x82, 0xc8, 0x2, 0x67, 0xf3, 0x1a, 0x2, 0xb7,
    0xcd, 0xa, 0x0, 0x2d, 0xe4, 0x19, 0x0, 0x0,
    0xcc, 0xfc, 0xf7, 0xff, 0x76, 0x0, 0x86, 0xdf,
    0x18, 0x0, 0x0, 0x0, 0xad, 0xb5, 0x0, 0x0,
    0xc, 0x5, 0x9b, 0xd8, 0x6, 0x8c, 0xff, 0xdc,
    0xca, 0xd3, 0xdc, 0xe7, 0xf4, 0xff, 0x59, 0x0,
    0x0, 0x35, 0xfb, 0x3c, 0x0, 0x6c, 0xda, 0xd5,
    0xe2, 0x52, 0x85, 0xe2, 0x24, 0x7c, 0xe8, 0x10,
    0x8, 0xd4, 0x91, 0x0, 0x16, 0xb, 0x0, 0x68,
    0xc5, 0x0, 0x58, 0xdc, 0x0, 0xc, 0x6d, 0x3,
    0x7e, 0xff, 0xd6, 0xf0, 0xff, 0x2c, 0x0, 0x7e,
    0xad, 0x0, 0x58, 0xdc, 0x0, 0x0, 0x0, 0x0,
    0x47, 0x89, 0x5f, 0x38, 0x13, 0x0, 0x0, 0xa9,
    0x88, 0x0, 0x58, 0xdc, 0x0, 0x0, 0x0, 0x0,
    0x0, 0x0, 0x0, 0x18, 0x4f, 0x2b, 0xb, 0xef,
    0x4a, 0x0, 0x58, 0xdc, 0x0, 0x0, 0x9a, 0x60,
    0x6d, 0xab, 0xe2, 0xff, 0xdb, 0x3c, 0x93, 0xdb,
    0x4, 0x0, 0x57, 0xdc, 0x0, 0x0, 0xc1, 0x7f,
    0x99, 0x98, 0x56, 0x18, 0xb, 0x97, 0xf6, 0x3a,
    0x0, 0x0, 0x45, 0xf3, 0x2a, 0x30, 0xf0, 0x59,
    0x0, 0x0, 0x0, 0x5, 0xd8, 0xe0, 0x39, 0x0,
    0x0, 0x0, 0x6, 0xbd, 0xfd, 0xfe, 0xcb, 0xf,
    0x0, 0x0, 0x0, 0x0, 0x2c, 0x9, 0x0, 0x0,
    0x0, 0x0, 0x0, 0x0, 0x0, 0x0, 0x0, 0x0,

    /* U+8005 "者" */
    0x0, 0x0, 0x0, 0x0, 0x0, 0x0, 0xb, 0x1c,
    0x0, 0x0, 0x0, 0x0, 0x0, 0x0, 0x0, 0x0,
    0x0, 0x0, 0x0, 0x0, 0x0, 0x0, 0x5c, 0xe4,
    0x0, 0x0, 0x0, 0x0, 0x0, 0x1, 0x0, 0x0,
    0x0, 0x0, 0x15, 0x1c, 0x1c, 0x1c, 0x6d, 0xe7,
    0x1c, 0x1c, 0x1c, 0x14, 0x10, 0xcb, 0x5c, 0x0,
    0x0, 0x0, 0xb7, 0xf4, 0xf4, 0xf4, 0xf8, 0xfe,
    0xf4, 0xf4, 0xf4, 0xb8, 0xc2, 0xe0, 0x1c, 0x0,
    0x0, 0x0, 0x0, 0x0, 0x0, 0x0, 0x5c, 0xe4,
    0x0, 0x0, 0x18, 0xc5, 0xdc, 0x23, 0x0, 0x0,
    0x8, 0x1c, 0x1c, 0x1c, 0x1c, 0x1c, 0x6d, 0xe7,
    0x1c, 0x3e, 0xe4, 0xd7, 0x30, 0x1c, 0x1c, 0x18,
    0x48, 0xf4, 0xf4, 0xf4, 0xf4, 0xf4, 0xf4, 0xf6,
    0xff, 0xfe, 0xf4, 0xf4, 0xf4, 0xf4, 0xf4, 0xd1,
    0x0, 0x0, 0x0, 0x0, 0x0, 0x1, 0x56, 0xdc,
    0xd8, 0x3d, 0x0, 0x0, 0x0, 0x0, 0x0, 0x0,
    0x0, 0x0, 0x0, 0x6, 0x5d, 0xd4, 0xff, 0xc7,
    0x4c, 0x44, 0x44, 0x44, 0x44, 0x18, 0x0, 0x0,
    0x0, 0x29, 0x87, 0xe9, 0xfc, 0xc5, 0xc4, 0xc4,
    0xc4, 0xc4, 0xc4, 0xc4, 0xf7, 0x5c, 0x0, 0x0,
    0x5f, 0xf4, 0xac, 0x97, 0xe8, 0x0, 0x0, 0x0,
    0x0, 0x0, 0x0, 0x0, 0xdc, 0x5c, 0x0, 0x0,
    0x1, 0x8, 0x0, 0x50, 0xfd, 0xe4, 0xe4, 0xe4,
    0xe4, 0xe4, 0xe4, 0xe4, 0xfc, 0x5c, 0x0, 0x0,
    0x0, 0x0, 0x0, 0x50, 0xe9, 0x14, 0x14, 0x14,
    0x14, 0x14, 0x14, 0x14, 0xde, 0x5c, 0x0, 0x0,
    0x0, 0x0, 0x0, 0x50, 0xe8, 0x0, 0x0, 0x0,
    0x0, 0x0, 0x0, 0x0, 0xdc, 0x5c, 0x0, 0x0,
    0x0, 0x0, 0x0, 0x50, 0xfe, 0xf4, 0xf4, 0xf4,
    0xf4, 0xf4, 0xf4, 0xf4, 0xfe, 0x5c, 0x0, 0x0,
    0x0, 0x0, 0x0, 0x50, 0xe9, 0x14, 0x14, 0x14,
    0x14, 0x14, 0x14, 0x14, 0xde, 0x5c, 0x0, 0x0,

    /* U+80FD "能" */
    0x0, 0x0, 0x0, 0x1f, 0x0, 0x0, 0x0, 0x0,
    0x0, 0xc, 0x2, 0x0, 0x0, 0x0, 0x0, 0x0,
    0x0, 0x0, 0x24, 0xf7, 0x44, 0x0, 0x0, 0x0,
    0x8, 0xff, 0x30, 0x0, 0x0, 0x8, 0x31, 0x0,
    0x0, 0x3, 0xc3, 0x8f, 0x0, 0x66, 0x31, 0x0,
    0x8, 0xff, 0x30, 0x8, 0x68, 0xe4, 0xdc, 0x6,
    0x0, 0x8a, 0xc9, 0x5, 0x0, 0x92, 0xdb, 0xd,
    0x8, 0xff, 0xa2, 0xea, 0xd9, 0x68, 0x9, 0x0,
    0x80, 0xfe, 0x75, 0x66, 0x79, 0x97, 0xff, 0xa0,
    0x8, 0xff, 0xc6, 0x50, 0x2, 0x0, 0x93, 0x45,
    0x73, 0xe1, 0xca, 0xb3, 0x9e, 0x89, 0x88, 0xff,
    0x4b, 0xff, 0x30, 0x0, 0x0, 0x0, 0xd3, 0x67,
    0x0, 0x19, 0x1c, 0x1c, 0x1c, 0x1c, 0x1c, 0x58,
    0x5, 0xf5, 0x76, 0x24, 0x24, 0x50, 0xfb, 0x3d,
    0x0, 0xec, 0xec, 0xe4, 0xe4, 0xe4, 0xfd, 0x4c,
    0x0, 0x6c, 0xe2, 0xf0, 0xf0, 0xe6, 0x98, 0x2,
    0x0, 0xec, 0x4c, 0x0, 0x0, 0x0, 0xec, 0x4c,
    0x4, 0x4c, 0xb, 0x0, 0x0, 0x0, 0x5, 0x0,
    0x0, 0xec, 0xf4, 0xf0, 0xf0, 0xf0, 0xfe, 0x4c,
    0x10, 0xff, 0x28, 0x0, 0xc, 0x79, 0xea, 0x38,
    0x0, 0xec, 0x4c, 0x0, 0x0, 0x0, 0xec, 0x4c,
    0x10, 0xff, 0x4d, 0x8d, 0xee, 0xd2, 0x49, 0x0,
    0x0, 0xec, 0x68, 0x28, 0x28, 0x28, 0xef, 0x4c,
    0x10, 0xff, 0xff, 0xcf, 0x59, 0x2, 0x0, 0x0,
    0x0, 0xec, 0xd8, 0xc8, 0xc8, 0xc8, 0xfb, 0x4c,
    0x10, 0xff, 0x5c, 0x0, 0x0, 0x0, 0xa6, 0x5c,
    0x0, 0xec, 0x4c, 0x0, 0x0, 0x0, 0xec, 0x4c,
    0x10, 0xff, 0x28, 0x0, 0x0, 0x0, 0xca, 0x6e,
    0x0, 0xec, 0x4c, 0x2, 0x4, 0x17, 0xfa, 0x40,
    0x6, 0xfd, 0x5f, 0x14, 0x14, 0x32, 0xf6, 0x46,
    0x0, 0xec, 0x4c, 0x10, 0xde, 0xda, 0xa9, 0x5,
    0x0, 0x89, 0xf6, 0xff, 0xff, 0xf9, 0xb2, 0x6,

    /* U+83DC "菜" */
    0x0, 0x0, 0x0, 0x0, 0x3, 0x6c, 0x14, 0x0,
    0x0, 0x0, 0x51, 0x32, 0x0, 0x0, 0x0, 0x0,
    0x0, 0x0, 0x0, 0x0, 0x8, 0xff, 0x30, 0x0,
    0x0, 0x0, 0xc0, 0x78, 0x0, 0x0, 0x0, 0x0,
    0x63, 0xf4, 0xf4, 0xf4, 0xf4, 0xff, 0xf6, 0xf4,
    0xf4, 0xf4, 0xfd, 0xf9, 0xf4, 0xf4, 0xf4, 0xd9,
    0x10, 0x28, 0x28, 0x28, 0x2e, 0xff, 0x50, 0x28,
    0x28, 0x28, 0xca, 0x8d, 0x28, 0x28, 0x28, 0x23,
    0x0, 0x0, 0x0, 0x1, 0x8, 0x3e, 0x21, 0x22,
    0x2d, 0x3c, 0x54, 0x62, 0x72, 0x88, 0x27, 0x0,
    0x0, 0x70, 0xfc, 0xff, 0xff, 0xff, 0xff, 0xf9,
    0xef, 0xe5, 0xda, 0xce, 0xc0, 0xb1, 0x3b, 0x0,
    0x0, 0xa, 0x2c, 0x6b, 0x11, 0x9, 0xa, 0xb9,
    0x20, 0x0, 0x0, 0x0, 0x80, 0x60, 0x0, 0x0,
    0x0, 0x0, 0x2b, 0xf8, 0x57, 0x0, 0x0, 0x91,
    0xc2, 0x2, 0x0, 0x7d, 0xf0, 0x3b, 0x0, 0x0,
    0x0, 0x0, 0x0, 0x7c, 0xd4, 0x3, 0x0, 0x3e,
    0x85, 0x0, 0x4a, 0xe9, 0x30, 0x0, 0x0, 0x0,
    0x0, 0x0, 0x0, 0x4, 0x10, 0x0, 0x0, 0x78,
    0xbc, 0x0, 0x0, 0x12, 0x0, 0x0, 0x0, 0x0,
    0x44, 0xf4, 0xf4, 0xf4, 0xf4, 0xf4, 0xf4, 0xf9,
    0xfc, 0xf4, 0xf4, 0xf4, 0xf4, 0xf4, 0xf4, 0xc2,
    0xa, 0x24, 0x24, 0x24, 0x24, 0x79, 0xf0, 0xb1,
    0xd0, 0xd9, 0x92, 0x24, 0x24, 0x24, 0x24, 0x1c,
    0x0, 0x0, 0x0, 0xd, 0x95, 0xe6, 0x38, 0x78,
    0xbc, 0x1c, 0xd2, 0xad, 0x1f, 0x0, 0x0, 0x0,
    0x0, 0xc, 0x70, 0xe8, 0xb8, 0x19, 0x0, 0x78,
    0xbc, 0x0, 0x9, 0x97, 0xf7, 0xa7, 0x4a, 0xb,
    0x3d, 0xf3, 0xdb, 0x56, 0x0, 0x0, 0x0, 0x78,
    0xbc, 0x0, 0x0, 0x0, 0x2d, 0xa8, 0xf8, 0xa3,
    0x0, 0x43, 0x3, 0x0, 0x0, 0x0, 0x0, 0x78,
    0xbc, 0x0, 0x0, 0x0, 0x0, 0x0, 0x12, 0x8,

    /* U+8427 "萧" */
    0x0, 0x0, 0x0, 0x0, 0x17, 0x51, 0x0, 0x0,
    0x0, 0x0, 0x36, 0x32, 0x0, 0x0, 0x0, 0x0,
    0x0, 0x0, 0x0, 0x0, 0x40, 0xe4, 0x0, 0x0,
    0x0, 0x0, 0x98, 0x8c, 0x0, 0x0, 0x0, 0x0,
    0x63, 0xf4, 0xf4, 0xf4, 0xf7, 0xfe, 0xf4, 0xf4,
    0xf4, 0xf4, 0xfb, 0xfa, 0xf4, 0xf4, 0xf4, 0xdd,
    0x4, 0xc, 0xc, 0xc, 0x49, 0xe5, 0xc, 0x31,
    0x4e, 0xc, 0x9c, 0x91, 0xc, 0xc, 0xc, 0xa,
    0x0, 0x6, 0x3c, 0x3c, 0x3c, 0x3c, 0x3c, 0x8e,
    0xcf, 0x3c, 0x3c, 0x3c, 0x3c, 0x3c, 0x7, 0x0,
    0x0, 0x13, 0xb4, 0xb4, 0xb4, 0xb4, 0xb4, 0xd4,
    0xed, 0xb4, 0xb4, 0xb4, 0xb5, 0xff, 0x20, 0x0,
    0x1, 0x2c, 0x2c, 0x2c, 0x2c, 0x2c, 0x2c, 0x85,
    0xcb, 0x2c, 0x2c, 0x2c, 0x2f, 0xff, 0x46, 0x27,
    0x6, 0xcc, 0xcc, 0xcc, 0xcc, 0xcc, 0xcc, 0xe1,
    0xf3, 0xcc, 0xcc, 0xcc, 0xcc, 0xff, 0xd2, 0xb8,
    0x0, 0x3, 0x10, 0x10, 0x10, 0x10, 0x10, 0x75,
    0xc4, 0x10, 0x10, 0x10, 0x13, 0xff, 0x20, 0x0,
    0x0, 0x34, 0xe0, 0xe0, 0xe0, 0xe0, 0xe0, 0xed,
    0xf8, 0xe0, 0xe0, 0xe0, 0xe0, 0xff, 0x20, 0x0,
    0x0, 0x0, 0x67, 0x90, 0x0, 0x22, 0x6, 0x6c,
    0xc0, 0x0, 0x21, 0x0, 0x9, 0xe4, 0x16, 0x0,
    0x0, 0x0, 0x8a, 0x98, 0x1, 0xdd, 0x5d, 0x6c,
    0xc0, 0x24, 0xf9, 0x1e, 0xc, 0xff, 0x18, 0x0,
    0x0, 0x0, 0xbb, 0x6d, 0x43, 0xf1, 0xa, 0x6c,
    0xc0, 0x0, 0xb9, 0x95, 0xc, 0xff, 0x18, 0x0,
    0x0, 0x18, 0xf6, 0x26, 0xc2, 0x8f, 0x0, 0x6c,
    0xc0, 0x0, 0x49, 0xf7, 0x24, 0xff, 0x18, 0x0,
    0x0, 0xa4, 0xaa, 0xb, 0xaa, 0x1c, 0x0, 0x6c,
    0xc0, 0x0, 0x1, 0x74, 0x20, 0xff, 0x18, 0x0,
    0x29, 0xd8, 0x18, 0x0, 0x0, 0x0, 0x0, 0x6c,
    0xc0, 0x0, 0x0, 0x0, 0xc, 0xff, 0x18, 0x0,
    0x0, 0x7, 0x0, 0x0, 0x0, 0x0, 0x0, 0x0,
    0x0, 0x0, 0x0, 0x0, 0x0, 0x0, 0x0, 0x0,

    /* U+89C6 "视" */
    0x0, 0x0, 0x0, 0x0, 0x0, 0x0, 0x0, 0x0,
    0x0, 0x0, 0x0, 0x0, 0x0, 0x0, 0x0, 0x0,
    0x0, 0x0, 0x0, 0x28, 0xd6, 0x14, 0x0, 0x0,
    0x25, 0x2c, 0x2c, 0x2c, 0x2c, 0x2c, 0x2c, 0x2c,
    0x8, 0x0, 0x0, 0x0, 0x1, 0xca, 0x97, 0x0,
    0x0, 0xdc, 0xf3, 0xec, 0xec, 0xec, 0xec, 0xec,
    0xff, 0x34, 0x0, 0x0, 0x7, 0x8, 0x3b, 0x4b,
    0x8, 0x1, 0xdc, 0x5c, 0x0, 0x9, 0x1d, 0x0,
    0x4, 0xff, 0x34, 0x0, 0x0, 0xec, 0xff, 0xff,
    0xff, 0xff, 0x28, 0xdc, 0x5c, 0x0, 0x4e, 0xea,
    0x0, 0x4, 0xff, 0x34, 0x0, 0x0, 0x16, 0x18,
    0x18, 0x8c, 0xe1, 0xa, 0xdc, 0x5c, 0x0, 0x50,
    0xe8, 0x0, 0x4, 0xff, 0x34, 0x0, 0x0, 0x0,
    0x0, 0x22, 0xf4, 0x4e, 0x0, 0xdc, 0x5c, 0x0,
    0x54, 0xe4, 0x0, 0x4, 0xff, 0x34, 0x0, 0x0,
    0x0, 0x7, 0xc8, 0xaf, 0x0, 0x0, 0xdc, 0x5c,
    0x0, 0x5d, 0xdd, 0x0, 0x4, 0xff, 0x34, 0x0,
    0x0, 0x1, 0xa5, 0xff, 0x97, 0x40, 0x0, 0xdc,
    0x5c, 0x0, 0x6b, 0xd1, 0x0, 0x4, 0xff, 0x34,
    0x0, 0x0, 0x9c, 0xf6, 0xf0, 0xac, 0xef, 0x35,
    0xdc, 0x5c, 0x0, 0x8d, 0xd1, 0x31, 0x4, 0xff,
    0x34, 0x0, 0x0, 0xc9, 0x41, 0xd4, 0x5c, 0x5c,
    0xa2, 0xdc, 0x5c, 0x0, 0xca, 0xfc, 0xa8, 0x4,
    0xff, 0x34, 0x0, 0x0, 0xd, 0x0, 0xd4, 0x5c,
    0x0, 0x0, 0x63, 0x29, 0x2b, 0xfe, 0xae, 0xa8,
    0x1, 0x74, 0x22, 0x0, 0x0, 0x0, 0x0, 0xd4,
    0x5c, 0x0, 0x0, 0x0, 0x0, 0xb7, 0xb2, 0x84,
    0xa8, 0x0, 0x0, 0x82, 0x95, 0x0, 0x0, 0x0,
    0xd4, 0x5c, 0x0, 0x0, 0x0, 0x86, 0xe5, 0x15,
    0x84, 0xa8, 0x0, 0x0, 0x96, 0x98, 0x0, 0x0,
    0x0, 0xd4, 0x5c, 0x0, 0x13, 0xa6, 0xd4, 0x24,
    0x0, 0x76, 0xd5, 0x1f, 0x25, 0xda, 0x74, 0x0,
    0x0, 0x0, 0xd4, 0x5c, 0x4a, 0xe2, 0x84, 0xc,
    0x0, 0x0, 0x1d, 0xd2, 0xfe, 0xfd, 0xd0, 0x1a,
    0x0, 0x0, 0x0, 0x0, 0x0, 0x1, 0xf, 0x0,
    0x0, 0x0, 0x0, 0x0, 0x0, 0x0, 0x0, 0x0,
    0x0,

    /* U+8BBE "设" */
    0x0, 0x16, 0x52, 0x0, 0x0, 0x0, 0x11, 0x54,
    0x54, 0x54, 0x54, 0x54, 0x54, 0xf, 0x0, 0x0,
    0x0, 0x58, 0xfc, 0x69, 0x0, 0x0, 0x34, 0xff,
    0xd5, 0xd4, 0xd4, 0xd6, 0xff, 0x30, 0x0, 0x0,
    0x0, 0x0, 0x63, 0xfe, 0x46, 0x0, 0x42, 0xfc,
    0x3, 0x0, 0x0, 0xc, 0xff, 0x30, 0x0, 0x0,
    0x0, 0x0, 0x0, 0x32, 0x0, 0x0, 0x94, 0xd9,
    0x0, 0x0, 0x0, 0xb, 0xff, 0x3c, 0x0, 0x0,
    0x42, 0x4c, 0x4c, 0x16, 0x3, 0x78, 0xfe, 0x74,
    0x0, 0x0, 0x0, 0x0, 0xe1, 0xf6, 0xe0, 0x81,
    0xe0, 0xff, 0xff, 0x4c, 0x39, 0xfe, 0xab, 0x2,
    0x0, 0x0, 0x0, 0x0, 0x13, 0x44, 0x48, 0x24,
    0xa, 0xc, 0xe5, 0x4c, 0x0, 0x50, 0x28, 0x28,
    0x28, 0x28, 0x28, 0x28, 0x28, 0x24, 0x0, 0x0,
    0x0, 0x0, 0xe4, 0x4c, 0x0, 0x8c, 0xfb, 0xf3,
    0xec, 0xec, 0xec, 0xec, 0xf6, 0xeb, 0x0, 0x0,
    0x0, 0x0, 0xe4, 0x4c, 0x0, 0x0, 0x96, 0xac,
    0x0, 0x0, 0x0, 0x2, 0xcf, 0xa0, 0x0, 0x0,
    0x0, 0x0, 0xe4, 0x4c, 0x0, 0x0, 0x26, 0xfa,
    0x3a, 0x0, 0x0, 0x66, 0xf4, 0x1f, 0x0, 0x0,
    0x0, 0x0, 0xe4, 0x4c, 0x1, 0x18, 0x0, 0x89,
    0xe4, 0x1e, 0x41, 0xf5, 0x66, 0x0, 0x0, 0x0,
    0x0, 0x0, 0xe4, 0x6a, 0xbc, 0x79, 0x0, 0x5,
    0xbd, 0xdc, 0xf5, 0x8b, 0x0, 0x0, 0x0, 0x0,
    0x0, 0xf, 0xfb, 0xfe, 0xb5, 0x1a, 0x0, 0x26,
    0xb2, 0xfe, 0xfc, 0x7f, 0xe, 0x0, 0x0, 0x0,
    0x0, 0x35, 0xf3, 0x68, 0x7, 0x4e, 0xb0, 0xfd,
    0xba, 0x29, 0x57, 0xe3, 0xee, 0x94, 0x4e, 0xd,
    0x0, 0x0, 0x14, 0x1d, 0xef, 0xfa, 0xa9, 0x3a,
    0x0, 0x0, 0x0, 0xb, 0x71, 0xd2, 0xff, 0x4f,
    0x0, 0x0, 0x0, 0x0, 0x3a, 0x12, 0x0, 0x0,
    0x0, 0x0, 0x0, 0x0, 0x0, 0x0, 0x22, 0x0,

    /* U+8D28 "质" */
    0x0, 0xa, 0x32, 0x35, 0x39, 0x3d, 0x46, 0x50,
    0x5a, 0x68, 0x78, 0x88, 0x9c, 0xb4, 0xcc, 0x1a,
    0x0, 0x38, 0xff, 0xe5, 0xdd, 0xd6, 0xce, 0xc6,
    0xd9, 0xff, 0xa8, 0x99, 0x8b, 0x7c, 0x6d, 0x21,
    0x0, 0x38, 0xff, 0x8, 0x0, 0x0, 0x0, 0x0,
    0x40, 0xff, 0x0, 0x0, 0x0, 0x0, 0x0, 0x0,
    0x0, 0x38, 0xff, 0x1e, 0x44, 0x44, 0x44, 0x44,
    0x73, 0xff, 0x44, 0x44, 0x44, 0x44, 0x44, 0x15,
    0x0, 0x38, 0xff, 0x4d, 0xd4, 0xd4, 0xd4, 0xd4,
    0xdf, 0xff, 0xd4, 0xd4, 0xd4, 0xd4, 0xd4, 0x42,
    0x0, 0x38, 0xff, 0x8, 0x0, 0x0, 0x0, 0x0,
    0x40, 0xff, 0x0, 0x0, 0x0, 0x0, 0x0, 0x0,
    0x0, 0x38, 0xff, 0x6, 0x3c, 0xcc, 0xcc, 0xcc,
    0xd9, 0xff, 0xcc, 0xcc, 0xcc, 0xcc, 0x29, 0x0,
    0x0, 0x42, 0xfc, 0x0, 0x4c, 0xf1, 0x4c, 0x4c,
    0x4c, 0x4c, 0x4c, 0x4c, 0x4e, 0xff, 0x34, 0x0,
    0x0, 0x4e, 0xf0, 0x0, 0x4c, 0xec, 0x0, 0x0,
    0x33, 0xe3, 0x0, 0x0, 0x4, 0xff, 0x34, 0x0,
    0x0, 0x65, 0xdc, 0x0, 0x4c, 0xec, 0x0, 0x0,
    0x40, 0xfa, 0x0, 0x0, 0x4, 0xff, 0x34, 0x0,
    0x0, 0x8d, 0xb4, 0x0, 0x4c, 0xec, 0x0, 0x0,
    0x5b, 0xe3, 0x0, 0x0, 0x4, 0xff, 0x34, 0x0,
    0x0, 0xc6, 0x86, 0x0, 0x35, 0xa5, 0x0, 0x1,
    0xb7, 0xfb, 0x9f, 0x28, 0x2, 0xb4, 0x24, 0x0,
    0x1e, 0xfe, 0x38, 0x0, 0x0, 0x0, 0x23, 0xae,
    0xea, 0x46, 0xa2, 0xfa, 0xaf, 0x37, 0x0, 0x0,
    0xa5, 0xd9, 0xd, 0x4c, 0x7f, 0xc7, 0xfe, 0xb9,
    0x23, 0x0, 0x0, 0x23, 0xa1, 0xfd, 0xbe, 0x38,
    0x6b, 0x4a, 0xa, 0xd6, 0xc1, 0x84, 0x2a, 0x0,
    0x0, 0x0, 0x0, 0x0, 0x0, 0x2c, 0xb2, 0x3f,

    /* U+8F6C "转" */
    0x0, 0x0, 0x0, 0x5e, 0x16, 0x0, 0x0, 0x0,
    0x0, 0x0, 0x3e, 0x2b, 0x0, 0x0, 0x0, 0x0,
    0x0, 0x0, 0x29, 0xff, 0x26, 0x0, 0x0, 0x0,
    0x0, 0x0, 0xde, 0x56, 0x0, 0x0, 0x0, 0x0,
    0x0, 0x0, 0x6c, 0xd6, 0x0, 0x0, 0x0, 0x0,
    0x0, 0x18, 0xff, 0x1b, 0x0, 0x0, 0x0, 0x0,
    0x97, 0xf8, 0xfc, 0xfd, 0xf8, 0xf8, 0xf8, 0x5b,
    0xf4, 0xf6, 0xff, 0xf4, 0xf4, 0xf4, 0xf4, 0x2d,
    0xe, 0x28, 0xfb, 0x39, 0x18, 0x18, 0x18, 0xa,
    0x1c, 0xa2, 0xa8, 0x1c, 0x1c, 0x1c, 0x1c, 0x5,
    0x0, 0x64, 0xca, 0x39, 0xe0, 0x0, 0x0, 0x0,
    0x0, 0xda, 0x5d, 0x0, 0x0, 0x0, 0x0, 0x0,
    0x0, 0xc5, 0x6b, 0x3c, 0xec, 0x0, 0x13, 0xf4,
    0xf4, 0xff, 0xf6, 0xf4, 0xf4, 0xf4, 0xf4, 0xb7,
    0x34, 0xf9, 0x13, 0x3c, 0xec, 0x0, 0x2, 0x1c,
    0x7d, 0xd1, 0x1c, 0x1c, 0x1c, 0x1c, 0x1c, 0x15,
    0x6f, 0xff, 0xfc, 0xfc, 0xff, 0xfc, 0xfc, 0x7,
    0xb5, 0x86, 0x0, 0x0, 0x0, 0x0, 0x0, 0x0,
    0x8, 0x14, 0x14, 0x4b, 0xed, 0x14, 0x14, 0x0,
    0xe3, 0xe9, 0xdc, 0xdc, 0xdc, 0xdc, 0xdc, 0x3,
    0x0, 0x0, 0x0, 0x3c, 0xec, 0x0, 0x7, 0xa,
    0x2e, 0x34, 0x34, 0x34, 0x38, 0xda, 0xc5, 0x1,
    0x2c, 0x55, 0x76, 0xac, 0xfc, 0xe0, 0xfd, 0x4c,
    0x57, 0xe, 0x0, 0x0, 0x97, 0xdd, 0x14, 0x0,
    0xb3, 0xe3, 0xbb, 0xaf, 0xf3, 0x47, 0x21, 0xb,
    0xcf, 0xe4, 0x4c, 0x70, 0xee, 0x27, 0x0, 0x0,
    0x3, 0x0, 0x0, 0x3c, 0xec, 0x0, 0x0, 0x0,
    0x6, 0x8b, 0xfd, 0xfe, 0x52, 0x0, 0x0, 0x0,
    0x0, 0x0, 0x0, 0x3c, 0xec, 0x0, 0x0, 0x0,
    0x0, 0x0, 0x40, 0xe1, 0xe5, 0x46, 0x0, 0x0,
    0x0, 0x0, 0x0, 0x3c, 0xec, 0x0, 0x0, 0x0,
    0x0, 0x0, 0x0, 0xf, 0xa4, 0x7f, 0x0, 0x0,
    0x0, 0x0, 0x0, 0x0, 0x0, 0x0, 0x0, 0x0,
    0x0, 0x0, 0x0, 0x0, 0x0, 0x0, 0x0, 0x0,

    /* U+8FD4 "返" */
    0x0, 0x91, 0x66, 0x0, 0x0, 0xb, 0x33, 0x3e,
    0x49, 0x54, 0x61, 0x7b, 0x98, 0xb4, 0xb4, 0x0,
    0x0, 0x61, 0xf9, 0x33, 0x0, 0x40, 0xfe, 0xe5,
    0xd9, 0xcd, 0xc1, 0xb0, 0x9b, 0x85, 0x6f, 0x8,
    0x0, 0x0, 0xab, 0xdc, 0xb, 0x40, 0xf0, 0x0,
    0x0, 0x0, 0x0, 0x0, 0x0, 0x0, 0x0, 0x0,
    0x0, 0x0, 0x14, 0x5e, 0x0, 0x40, 0xf0, 0x8,
    0x8, 0x8, 0x8, 0x8, 0x8, 0x8, 0x4, 0x0,
    0x0, 0x0, 0x0, 0x0, 0x0, 0x40, 0xff, 0xfc,
    0xfc, 0xfc, 0xfc, 0xfc, 0xfc, 0xff, 0x80, 0x0,
    0xbe, 0xf4, 0xf4, 0x44, 0x0, 0x45, 0xe7, 0x5,
    0x5, 0x0, 0x0, 0x0, 0x13, 0xf4, 0x47, 0x0,
    0x28, 0x34, 0xf0, 0x48, 0x0, 0x55, 0xd7, 0x82,
    0xc2, 0x16, 0x0, 0x0, 0x85, 0xd7, 0x1, 0x0,
    0x0, 0x0, 0xec, 0x48, 0x0, 0x72, 0xbd, 0x10,
    0xbe, 0xe1, 0x31, 0x36, 0xfa, 0x55, 0x0, 0x0,
    0x0, 0x0, 0xec, 0x48, 0x0, 0xa6, 0x89, 0x0,
    0x6, 0xa1, 0xf6, 0xe6, 0xa2, 0x0, 0x0, 0x0,
    0x0, 0x0, 0xec, 0x48, 0xb, 0xf1, 0x48, 0x0,
    0x0, 0x29, 0xf1, 0xff, 0x81, 0x0, 0x0, 0x0,
    0x0, 0x0, 0xec, 0x48, 0x76, 0xe3, 0x2, 0x0,
    0x56, 0xf2, 0xbc, 0x7b, 0xff, 0x91, 0x1, 0x0,
    0x0, 0x0, 0xed, 0x4b, 0xe5, 0x63, 0x2e, 0xba,
    0xfe, 0x8e, 0x3, 0x0, 0x64, 0xfd, 0xa9, 0x5,
    0x0, 0x83, 0xff, 0x8a, 0x2f, 0x1, 0xc6, 0xc5,
    0x35, 0x0, 0x0, 0x0, 0x0, 0x58, 0xa3, 0x1,
    0x78, 0xf8, 0x68, 0xf1, 0xa8, 0x46, 0x33, 0x1d,
    0x19, 0x16, 0x14, 0x19, 0x1e, 0x24, 0x29, 0x1b,
    0xa8, 0x5b, 0x0, 0x26, 0xa7, 0xe6, 0xfb, 0xff,
    0xff, 0xff, 0xff, 0xff, 0xff, 0xff, 0xff, 0x65,
    0xb, 0x0, 0x0, 0x0, 0x0, 0x0, 0x0, 0x0,
    0x3, 0x6, 0x8, 0x9, 0xa, 0xb, 0xc, 0x2,

    /* U+9065 "遥" */
    0x0, 0x6d, 0x14, 0x0, 0xc, 0x27, 0x30, 0x3a,
    0x47, 0x53, 0x63, 0x75, 0x89, 0xa0, 0xe, 0x0,
    0x0, 0xa1, 0xaf, 0x0, 0x42, 0xf1, 0xe5, 0xd9,
    0xcb, 0xbd, 0xad, 0x9c, 0x94, 0x83, 0x1d, 0x0,
    0x0, 0x12, 0xe8, 0x58, 0x0, 0x7d, 0x44, 0x0,
    0x5b, 0xa0, 0x0, 0x0, 0x88, 0xb2, 0x0, 0x0,
    0x0, 0x0, 0x37, 0x15, 0x0, 0x45, 0xe2, 0x9,
    0xb, 0xe5, 0x24, 0x33, 0xee, 0x24, 0x0, 0x0,
    0x0, 0x0, 0x0, 0x0, 0x0, 0x12, 0xb5, 0x29,
    0x18, 0x1e, 0x18, 0x4a, 0x64, 0x18, 0x5, 0x0,
    0xb9, 0xe4, 0xe4, 0x35, 0x0, 0x9f, 0xec, 0xe4,
    0xe4, 0xff, 0xe6, 0xe4, 0xe4, 0xe4, 0x35, 0x0,
    0x30, 0x3c, 0xf0, 0x3c, 0x66, 0xde, 0xd, 0x0,
    0x4, 0xff, 0x18, 0x0, 0x0, 0x0, 0x0, 0x0,
    0x0, 0x0, 0xec, 0x3c, 0x4f, 0x6c, 0x3c, 0x3c,
    0x3f, 0xff, 0x4e, 0x3c, 0x3c, 0x3c, 0x3c, 0x6,
    0x0, 0x0, 0xec, 0x3c, 0xd2, 0xe4, 0xe4, 0xe4,
    0xe4, 0xff, 0xe6, 0xe4, 0xe4, 0xe4, 0xe4, 0x18,
    0x0, 0x0, 0xec, 0x3c, 0x0, 0x38, 0x1f, 0x0,
    0x4, 0xff, 0x18, 0x0, 0x19, 0x3e, 0x0, 0x0,
    0x0, 0x0, 0xec, 0x3c, 0x0, 0xb4, 0x64, 0x0,
    0x4, 0xff, 0x18, 0x0, 0x50, 0xc8, 0x0, 0x0,
    0x0, 0x0, 0xee, 0x3c, 0x0, 0xb4, 0xbe, 0x94,
    0x95, 0xff, 0x9e, 0x94, 0xb5, 0xc8, 0x0, 0x0,
    0x0, 0x8d, 0xff, 0x7c, 0x0, 0x4b, 0x6c, 0x6c,
    0x6c, 0x6c, 0x6c, 0x6c, 0x96, 0xbe, 0x0, 0x0,
    0x77, 0xf0, 0x4d, 0xef, 0x9f, 0x43, 0x25, 0x1f,
    0x1d, 0x1d, 0x1e, 0x20, 0x23, 0x28, 0x2e, 0x12,
    0xb1, 0x4b, 0x0, 0x23, 0xa2, 0xe2, 0xf8, 0xfe,
    0xff, 0xff, 0xff, 0xff, 0xff, 0xff, 0xff, 0x28,
    0x9, 0x0, 0x0, 0x0, 0x0, 0x0, 0x0, 0x0,
    0x3, 0x5, 0x7, 0x8, 0x9, 0x9, 0x8, 0x0,

    /* U+94AE "钮" */
    0x0, 0x0, 0x22, 0x15, 0x0, 0x0, 0x0, 0x0,
    0x0, 0x0, 0x0, 0x0, 0x0, 0x0, 0x0, 0x0,
    0x0, 0x0, 0xb5, 0x99, 0x0, 0x0, 0x4d, 0x54,
    0x54, 0x54, 0x54, 0x54, 0x54, 0x54, 0x34, 0x0,
    0x0, 0x1f, 0xfb, 0x28, 0x0, 0x0, 0xbc, 0xcc,
    0xe7, 0xed, 0xcc, 0xcc, 0xcc, 0xeb, 0x98, 0x0,
    0x0, 0x92, 0xfe, 0xf4, 0xf4, 0xec, 0x0, 0x0,
    0x90, 0x9c, 0x0, 0x0, 0x0, 0xa2, 0x8f, 0x0,
    0x2b, 0xf6, 0x3c, 0x20, 0x20, 0x1f, 0x0, 0x0,
    0x9c, 0x91, 0x0, 0x0, 0x0, 0xac, 0x86, 0x0,
    0x99, 0x8e, 0x4, 0x4, 0x4, 0x2, 0x0, 0x0,
    0xa8, 0x86, 0x0, 0x0, 0x0, 0xb5, 0x7d, 0x0,
    0x27, 0xa6, 0xff, 0xff, 0xff, 0x88, 0x0, 0x0,
    0xb3, 0x7b, 0x0, 0x0, 0x0, 0xbe, 0x74, 0x0,
    0x0, 0x9, 0x93, 0x9e, 0x10, 0x8, 0x57, 0x5c,
    0xd4, 0xa5, 0x5c, 0x5c, 0x5c, 0xda, 0x6b, 0x0,
    0x0, 0x0, 0x8c, 0x98, 0x0, 0x0, 0xba, 0xc4,
    0xf5, 0xdb, 0xc4, 0xc4, 0xc4, 0xf6, 0x62, 0x0,
    0x91, 0xfc, 0xfe, 0xfe, 0xfc, 0xfc, 0xf, 0x0,
    0xd8, 0x5b, 0x0, 0x0, 0x0, 0xdb, 0x59, 0x0,
    0xd, 0x18, 0x96, 0xa1, 0x18, 0x18, 0x1, 0x0,
    0xe3, 0x50, 0x0, 0x0, 0x0, 0xe3, 0x50, 0x0,
    0x0, 0x0, 0x8c, 0x98, 0x0, 0x0, 0x0, 0x0,
    0xef, 0x45, 0x0, 0x0, 0x0, 0xec, 0x47, 0x0,
    0x0, 0x0, 0x8c, 0x98, 0x22, 0x98, 0x0, 0x0,
    0xfa, 0x39, 0x0, 0x0, 0x0, 0xf5, 0x3e, 0x0,
    0x0, 0x0, 0xac, 0xe5, 0xf5, 0x92, 0x0, 0x5,
    0xff, 0x2e, 0x0, 0x0, 0x0, 0xfd, 0x35, 0x0,
    0x0, 0x0, 0xc5, 0xb7, 0x27, 0x54, 0xd8, 0xd9,
    0xff, 0xde, 0xd8, 0xd8, 0xd8, 0xff, 0xdf, 0x68,
    0x0, 0x0, 0xf, 0x1, 0x0, 0x1c, 0x48, 0x48,
    0x48, 0x48, 0x48, 0x48, 0x48, 0x48, 0x48, 0x22,

    /* U+95F4 "间" */
    0x0, 0xd, 0x0, 0x0, 0x0, 0x0, 0x0, 0x0,
    0x0, 0x0, 0x0, 0x0, 0x0, 0x0, 0x0, 0x2,
    0xd3, 0x89, 0x0, 0x1, 0x38, 0x38, 0x38, 0x38,
    0x38, 0x38, 0x38, 0x38, 0x38, 0x1, 0x0, 0x39,
    0xf2, 0x96, 0x9, 0xf4, 0xf4, 0xf4, 0xf4, 0xf4,
    0xf4, 0xf4, 0xf6, 0xff, 0x8, 0x40, 0x12, 0x3b,
    0x63, 0x0, 0x0, 0x0, 0x0, 0x0, 0x0, 0x0,
    0x0, 0x30, 0xff, 0x8, 0xf4, 0x44, 0x0, 0x6,
    0x20, 0x20, 0x20, 0x20, 0x20, 0x20, 0x6, 0x0,
    0x30, 0xff, 0x8, 0xf4, 0x44, 0x0, 0x34, 0xff,
    0xfc, 0xfc, 0xfc, 0xfc, 0xff, 0x34, 0x0, 0x30,
    0xff, 0x8, 0xf4, 0x44, 0x0, 0x34, 0xec, 0x0,
    0x0, 0x0, 0x0, 0xec, 0x34, 0x0, 0x30, 0xff,
    0x8, 0xf4, 0x44, 0x0, 0x34, 0xec, 0x0, 0x0,
    0x0, 0x0, 0xec, 0x34, 0x0, 0x30, 0xff, 0x8,
    0xf4, 0x44, 0x0, 0x34, 0xff, 0xf4, 0xf4, 0xf4,
    0xf4, 0xff, 0x34, 0x0, 0x30, 0xff, 0x8, 0xf4,
    0x44, 0x0, 0x34, 0xef, 0x28, 0x28, 0x28, 0x28,
    0xef, 0x34, 0x0, 0x30, 0xff, 0x8, 0xf4, 0x44,
    0x0, 0x34, 0xec, 0x0, 0x0, 0x0, 0x0, 0xec,
    0x34, 0x0, 0x30, 0xff, 0x8, 0xf4, 0x44, 0x0,
    0x34, 0xf1, 0x48, 0x48, 0x48, 0x48, 0xf1, 0x34,
    0x0, 0x30, 0xff, 0x8, 0xf4, 0x44, 0x0, 0x34,
    0xfc, 0xd4, 0xd4, 0xd4, 0xd4, 0xd4, 0x2b, 0x0,
    0x30, 0xff, 0x8, 0xf4, 0x44, 0x0, 0x1e, 0x88,
    0x0, 0x0, 0x0, 0x0, 0x0, 0x0, 0x0, 0x32,
    0xff, 0x8, 0xf4, 0x44, 0x0, 0x0, 0x0, 0x0,
    0x0, 0x0, 0x0, 0x3b, 0x3a, 0x34, 0x94, 0xf3,
    0x1, 0xf4, 0x44, 0x0, 0x0, 0x0, 0x0, 0x0,
    0x0, 0x0, 0xbc, 0xff, 0xff, 0xea, 0x65, 0x0,
    0x0, 0x0, 0x0, 0x0, 0x0, 0x0, 0x0, 0x0,
    0x0, 0x0, 0x1, 0x2, 0x0, 0x0, 0x0,

    /* U+9762 "面" */
    0x27, 0x34, 0x34, 0x34, 0x34, 0x34, 0x34, 0x34,
    0x34, 0x34, 0x34, 0x34, 0x34, 0x34, 0x34, 0xe,
    0xb7, 0xf4, 0xf4, 0xf4, 0xf4, 0xf4, 0xf6, 0xff,
    0xf5, 0xf4, 0xf4, 0xf4, 0xf4, 0xf4, 0xf4, 0x44,
    0x0, 0x0, 0x0, 0x0, 0x0, 0x0, 0x6e, 0xe9,
    0x6, 0x0, 0x0, 0x0, 0x0, 0x0, 0x0, 0x0,
    0x0, 0x12, 0x14, 0x14, 0x14, 0x14, 0xce, 0x8d,
    0x14, 0x14, 0x14, 0x14, 0x14, 0x14, 0x8, 0x0,
    0x0, 0xec, 0xf7, 0xf4, 0xf6, 0xff, 0xf4, 0xf4,
    0xf4, 0xf9, 0xfc, 0xf4, 0xf4, 0xfd, 0x68, 0x0,
    0x0, 0xec, 0x48, 0x0, 0x34, 0xec, 0x0, 0x0,
    0x0, 0x70, 0xb0, 0x0, 0x0, 0xcc, 0x68, 0x0,
    0x0, 0xec, 0x48, 0x0, 0x34, 0xec, 0xc, 0xc,
    0xc, 0x76, 0xb0, 0x0, 0x0, 0xcc, 0x68, 0x0,
    0x0, 0xec, 0x48, 0x0, 0x34, 0xff, 0xf4, 0xf4,
    0xf4, 0xf9, 0xb0, 0x0, 0x0, 0xcc, 0x68, 0x0,
    0x0, 0xec, 0x48, 0x0, 0x34, 0xec, 0x0, 0x0,
    0x0, 0x70, 0xb0, 0x0, 0x0, 0xcc, 0x68, 0x0,
    0x0, 0xec, 0x48, 0x0, 0x34, 0xec, 0x0, 0x0,
    0x0, 0x70, 0xb0, 0x0, 0x0, 0xcc, 0x68, 0x0,
    0x0, 0xec, 0x48, 0x0, 0x34, 0xff, 0xf8, 0xf8,
    0xf8, 0xfb, 0xb0, 0x0, 0x0, 0xcc, 0x68, 0x0,
    0x0, 0xec, 0x48, 0x0, 0x34, 0xec, 0x8, 0x8,
    0x8, 0x74, 0xb0, 0x0, 0x0, 0xcc, 0x68, 0x0,
    0x0, 0xec, 0x48, 0x0, 0x34, 0xec, 0x0, 0x0,
    0x0, 0x70, 0xb0, 0x0, 0x0, 0xcc, 0x68, 0x0,
    0x0, 0xec, 0xf7, 0xf4, 0xf6, 0xff, 0xf4, 0xf4,
    0xf4, 0xf9, 0xfc, 0xf4, 0xf4, 0xfd, 0x68, 0x0,
    0x0, 0xec, 0x56, 0x14, 0x14, 0x14, 0x14, 0x14,
    0x14, 0x14, 0x14, 0x14, 0x14, 0xd0, 0x68, 0x0,
    0x0, 0x3, 0x1, 0x0, 0x0, 0x0, 0x0, 0x0,
    0x0, 0x0, 0x0, 0x0, 0x0, 0x0, 0x0, 0x0,

    /* U+9879 "项" */
    0x0, 0x0, 0x0, 0x0, 0x0, 0x0, 0x66, 0x98,
    0x98, 0x98, 0x98, 0x98, 0x98, 0x98, 0x98, 0x74,
    0x63, 0xdc, 0xdc, 0xdc, 0xdc, 0xc7, 0x56, 0x80,
    0x80, 0x95, 0xff, 0x97, 0x80, 0x80, 0x80, 0x62,
    0x1e, 0x44, 0x7e, 0xee, 0x44, 0x3d, 0x0, 0x0,
    0x0, 0x4e, 0xfa, 0x9, 0x0, 0x0, 0x0, 0x0,
    0x0, 0x0, 0x50, 0xe8, 0x0, 0x0, 0xb, 0x24,
    0x24, 0x8b, 0xd6, 0x24, 0x24, 0x24, 0x23, 0x0,
    0x0, 0x0, 0x50, 0xe8, 0x0, 0x0, 0x54, 0xfe,
    0xf4, 0xf4, 0xf4, 0xf4, 0xf4, 0xf6, 0xfc, 0x0,
    0x0, 0x0, 0x50, 0xe8, 0x0, 0x0, 0x54, 0xd8,
    0x0, 0x0, 0x7, 0x2, 0x0, 0x3c, 0xfc, 0x0,
    0x0, 0x0, 0x50, 0xe8, 0x0, 0x0, 0x54, 0xd8,
    0x0, 0x0, 0xec, 0x4c, 0x0, 0x3c, 0xfc, 0x0,
    0x0, 0x0, 0x50, 0xe8, 0x0, 0x0, 0x54, 0xd8,
    0x0, 0x0, 0xec, 0x4c, 0x0, 0x3c, 0xfc, 0x0,
    0x0, 0x0, 0x50, 0xe8, 0x0, 0x0, 0x54, 0xd8,
    0x0, 0x0, 0xef, 0x48, 0x0, 0x3c, 0xfc, 0x0,
    0x0, 0x0, 0x50, 0xe8, 0x0, 0x0, 0x54, 0xd8,
    0x0, 0x4, 0xfc, 0x37, 0x0, 0x3c, 0xfc, 0x0,
    0x0, 0x0, 0x50, 0xf0, 0x79, 0xb9, 0x76, 0xd8,
    0x0, 0x33, 0xfc, 0xe, 0x0, 0x3c, 0xfc, 0x0,
    0x58, 0xc1, 0xf6, 0xfb, 0xc8, 0x88, 0x68, 0xd8,
    0x0, 0x9e, 0xf7, 0x65, 0x3, 0x3c, 0xfc, 0x0,
    0x53, 0x8f, 0x4b, 0xd, 0x0, 0x0, 0x1, 0x3,
    0x72, 0xfa, 0x82, 0xeb, 0xd5, 0x4b, 0x3, 0x0,
    0x0, 0x0, 0x0, 0x0, 0x0, 0x0, 0x28, 0xb1,
    0xf8, 0x5a, 0x0, 0x14, 0xa4, 0xff, 0xae, 0x1c,
    0x0, 0x0, 0x0, 0x0, 0x0, 0x92, 0xfe, 0xc3,
    0x30, 0x0, 0x0, 0x0, 0x0, 0x48, 0xdf, 0xa2,
    0x0, 0x0, 0x0, 0x0, 0x0, 0x28, 0x3a, 0x0,
    0x0, 0x0, 0x0, 0x0, 0x0, 0x0, 0xb, 0xe
};


/*---------------------
 *  GLYPH DESCRIPTION
 *--------------------*/

static const lv_font_fmt_txt_glyph_dsc_t glyph_dsc[] = {
    {.bitmap_index = 0, .adv_w = 0, .box_w = 0, .box_h = 0, .ofs_x = 0, .ofs_y = 0} /* id = 0 reserved */,
    {.bitmap_index = 0, .adv_w = 141, .box_w = 0, .box_h = 0, .ofs_x = 0, .ofs_y = 0},
    {.bitmap_index = 0, .adv_w = 141, .box_w = 3, .box_h = 11, .ofs_x = 3, .ofs_y = 0},
    {.bitmap_index = 33, .adv_w = 141, .box_w = 5, .box_h = 4, .ofs_x = 2, .ofs_y = 7},
    {.bitmap_index = 53, .adv_w = 141, .box_w = 9, .box_h = 10, .ofs_x = 0, .ofs_y = 0},
    {.bitmap_index = 143, .adv_w = 141, .box_w = 8, .box_h = 14, .ofs_x = 0, .ofs_y = -2},
    {.bitmap_index = 255, .adv_w = 141, .box_w = 9, .box_h = 11, .ofs_x = 0, .ofs_y = 0},
    {.bitmap_index = 354, .adv_w = 141, .box_w = 9, .box_h = 11, .ofs_x = 0, .ofs_y = 0},
    {.bitmap_index = 453, .adv_w = 141, .box_w = 3, .box_h = 4, .ofs_x = 3, .ofs_y = 7},
    {.bitmap_index = 465, .adv_w = 141, .box_w = 5, .box_h = 16, .ofs_x = 2, .ofs_y = -4},
    {.bitmap_index = 545, .adv_w = 141, .box_w = 5, .box_h = 16, .ofs_x = 2, .ofs_y = -4},
    {.bitmap_index = 625, .adv_w = 141, .box_w = 7, .box_h = 7, .ofs_x = 1, .ofs_y = 4},
    {.bitmap_index = 674, .adv_w = 141, .box_w = 9, .box_h = 8, .ofs_x = 0, .ofs_y = 0},
    {.bitmap_index = 746, .adv_w = 141, .box_w = 5, .box_h = 6, .ofs_x = 1, .ofs_y = -4},
    {.bitmap_index = 776, .adv_w = 141, .box_w = 5, .box_h = 3, .ofs_x = 2, .ofs_y = 3},
    {.bitmap_index = 791, .adv_w = 141, .box_w = 3, .box_h = 3, .ofs_x = 3, .ofs_y = 0},
    {.bitmap_index = 800, .adv_w = 141, .box_w = 9, .box_h = 11, .ofs_x = 0, .ofs_y = 0},
    {.bitmap_index = 899, .adv_w = 141, .box_w = 9, .box_h = 10, .ofs_x = 0, .ofs_y = 0},
    {.bitmap_index = 989, .adv_w = 141, .box_w = 7, .box_h = 10, .ofs_x = 1, .ofs_y = 0},
    {.bitmap_index = 1059, .adv_w = 141, .box_w = 7, .box_h = 10, .ofs_x = 1, .ofs_y = 0},
    {.bitmap_index = 1129, .adv_w = 141, .box_w = 7, .box_h = 10, .ofs_x = 1, .ofs_y = 0},
    {.bitmap_index = 1199, .adv_w = 141, .box_w = 9, .box_h = 10, .ofs_x = 0, .ofs_y = 0},
    {.bitmap_index = 1289, .adv_w = 141, .box_w = 7, .box_h = 10, .ofs_x = 1, .ofs_y = 0},
    {.bitmap_index = 1359, .adv_w = 141, .box_w = 8, .box_h = 10, .ofs_x = 0, .ofs_y = 0},
    {.bitmap_index = 1439, .adv_w = 141, .box_w = 8, .box_h = 10, .ofs_x = 0, .ofs_y = 0},
    {.bitmap_index = 1519, .adv_w = 141, .box_w = 8, .box_h = 10, .ofs_x = 0, .ofs_y = 0},
    {.bitmap_index = 1599, .adv_w = 141, .box_w = 8, .box_h = 10, .ofs_x = 0, .ofs_y = 0},
    {.bitmap_index = 1679, .adv_w = 141, .box_w = 3, .box_h = 8, .ofs_x = 3, .ofs_y = 0},
    {.bitmap_index = 1703, .adv_w = 141, .box_w = 5, .box_h = 12, .ofs_x = 1, .ofs_y = -4},
    {.bitmap_index = 1763, .adv_w = 141, .box_w = 7, .box_h = 10, .ofs_x = 1, .ofs_y = -1},
    {.bitmap_index = 1833, .adv_w = 141, .box_w = 7, .box_h = 5, .ofs_x = 1, .ofs_y = 2},
    {.bitmap_index = 1868, .adv_w = 141, .box_w = 7, .box_h = 10, .ofs_x = 1, .ofs_y = -1},
    {.bitmap_index = 1938, .adv_w = 141, .box_w = 6, .box_h = 11, .ofs_x = 2, .ofs_y = 0},
    {.bitmap_index = 2004, .adv_w = 141, .box_w = 9, .box_h = 14, .ofs_x = 0, .ofs_y = -3},
    {.bitmap_index = 2130, .adv_w = 141, .box_w = 9, .box_h = 10, .ofs_x = 0, .ofs_y = 0},
    {.bitmap_index = 2220, .adv_w = 141, .box_w = 7, .box_h = 10, .ofs_x = 1, .ofs_y = 0},
    {.bitmap_index = 2290, .adv_w = 141, .box_w = 8, .box_h = 10, .ofs_x = 0, .ofs_y = 0},
    {.bitmap_index = 2370, .adv_w = 141, .box_w = 9, .box_h = 10, .ofs_x = 0, .ofs_y = 0},
    {.bitmap_index = 2460, .adv_w = 141, .box_w = 7, .box_h = 10, .ofs_x = 1, .ofs_y = 0},
    {.bitmap_index = 2530, .adv_w = 141, .box_w = 7, .box_h = 10, .ofs_x = 1, .ofs_y = 0},
    {.bitmap_index = 2600, .adv_w = 141, .box_w = 8, .box_h = 10, .ofs_x = 0, .ofs_y = 0},
    {.bitmap_index = 2680, .adv_w = 141, .box_w = 8, .box_h = 10, .ofs_x = 0, .ofs_y = 0},
    {.bitmap_index = 2760, .adv_w = 141, .box_w = 7, .box_h = 10, .ofs_x = 1, .ofs_y = 0},
    {.bitmap_index = 2830, .adv_w = 141, .box_w = 6, .box_h = 10, .ofs_x = 1, .ofs_y = 0},
    {.bitmap_index = 2890, .adv_w = 141, .box_w = 8, .box_h = 10, .ofs_x = 1, .ofs_y = 0},
    {.bitmap_index = 2970, .adv_w = 141, .box_w = 7, .box_h = 10, .ofs_x = 1, .ofs_y = 0},
    {.bitmap_index = 3040, .adv_w = 141, .box_w = 9, .box_h = 10, .ofs_x = 0, .ofs_y = 0},
    {.bitmap_index = 3130, .adv_w = 141, .box_w = 8, .box_h = 10, .ofs_x = 0, .ofs_y = 0},
    {.bitmap_index = 3210, .adv_w = 141, .box_w = 9, .box_h = 10, .ofs_x = 0, .ofs_y = 0},
    {.bitmap_index = 3300, .adv_w = 141, .box_w = 7, .box_h = 10, .ofs_x = 1, .ofs_y = 0},
    {.bitmap_index = 3370, .adv_w = 141, .box_w = 9, .box_h = 13, .ofs_x = 0, .ofs_y = -3},
    {.bitmap_index = 3487, .adv_w = 141, .box_w = 8, .box_h = 10, .ofs_x = 1, .ofs_y = 0},
    {.bitmap_index = 3567, .adv_w = 141, .box_w = 8, .box_h = 10, .ofs_x = 0, .ofs_y = 0},
    {.bitmap_index = 3647, .adv_w = 141, .box_w = 9, .box_h = 10, .ofs_x = 0, .ofs_y = 0},
    {.bitmap_index = 3737, .adv_w = 141, .box_w = 8, .box_h = 10, .ofs_x = 0, .ofs_y = 0},
    {.bitmap_index = 3817, .adv_w = 141, .box_w = 9, .box_h = 10, .ofs_x = 0, .ofs_y = 0},
    {.bitmap_index = 3907, .adv_w = 141, .box_w = 9, .box_h = 10, .ofs_x = 0, .ofs_y = 0},
    {.bitmap_index = 3997, .adv_w = 141, .box_w = 9, .box_h = 10, .ofs_x = 0, .ofs_y = 0},
    {.bitmap_index = 4087, .adv_w = 141, .box_w = 9, .box_h = 10, .ofs_x = 0, .ofs_y = 0},
    {.bitmap_index = 4177, .adv_w = 141, .box_w = 8, .box_h = 10, .ofs_x = 0, .ofs_y = 0},
    {.bitmap_index = 4257, .adv_w = 141, .box_w = 5, .box_h = 14, .ofs_x = 2, .ofs_y = -3},
    {.bitmap_index = 4327, .adv_w = 141, .box_w = 7, .box_h = 13, .ofs_x = 1, .ofs_y = -2},
    {.bitmap_index = 4418, .adv_w = 141, .box_w = 5, .box_h = 14, .ofs_x = 2, .ofs_y = -3},
    {.bitmap_index = 4488, .adv_w = 141, .box_w = 8, .box_h = 5, .ofs_x = 0, .ofs_y = 5},
    {.bitmap_index = 4528, .adv_w = 141, .box_w = 9, .box_h = 2, .ofs_x = 0, .ofs_y = -4},
    {.bitmap_index = 4546, .adv_w = 66, .box_w = 2, .box_h = 4, .ofs_x = 1, .ofs_y = 8},
    {.bitmap_index = 4554, .adv_w = 141, .box_w = 7, .box_h = 8, .ofs_x = 1, .ofs_y = 0},
    {.bitmap_index = 4610, .adv_w = 141, .box_w = 7, .box_h = 11, .ofs_x = 1, .ofs_y = 0},
    {.bitmap_index = 4687, .adv_w = 141, .box_w = 7, .box_h = 8, .ofs_x = 1, .ofs_y = 0},
    {.bitmap_index = 4743, .adv_w = 141, .box_w = 8, .box_h = 11, .ofs_x = 0, .ofs_y = 0},
    {.bitmap_index = 4831, .adv_w = 141, .box_w = 8, .box_h = 8, .ofs_x = 0, .ofs_y = 0},
    {.bitmap_index = 4895, .adv_w = 141, .box_w = 9, .box_h = 11, .ofs_x = 0, .ofs_y = 0},
    {.bitmap_index = 4994, .adv_w = 141, .box_w = 9, .box_h = 11, .ofs_x = 0, .ofs_y = -3},
    {.bitmap_index = 5093, .adv_w = 141, .box_w = 7, .box_h = 11, .ofs_x = 1, .ofs_y = 0},
    {.bitmap_index = 5170, .adv_w = 141, .box_w = 7, .box_h = 11, .ofs_x = 1, .ofs_y = 0},
    {.bitmap_index = 5247, .adv_w = 141, .box_w = 6, .box_h = 14, .ofs_x = 1, .ofs_y = -3},
    {.bitmap_index = 5331, .adv_w = 141, .box_w = 8, .box_h = 11, .ofs_x = 1, .ofs_y = 0},
    {.bitmap_index = 5419, .adv_w = 141, .box_w = 7, .box_h = 11, .ofs_x = 1, .ofs_y = 0},
    {.bitmap_index = 5496, .adv_w = 141, .box_w = 9, .box_h = 8, .ofs_x = 0, .ofs_y = 0},
    {.bitmap_index = 5568, .adv_w = 141, .box_w = 7, .box_h = 8, .ofs_x = 1, .ofs_y = 0},
    {.bitmap_index = 5624, .adv_w = 141, .box_w = 9, .box_h = 8, .ofs_x = 0, .ofs_y = 0},
    {.bitmap_index = 5696, .adv_w = 141, .box_w = 7, .box_h = 11, .ofs_x = 1, .ofs_y = -3},
    {.bitmap_index = 5773, .adv_w = 141, .box_w = 8, .box_h = 12, .ofs_x = 0, .ofs_y = -3},
    {.bitmap_index = 5869, .adv_w = 141, .box_w = 8, .box_h = 8, .ofs_x = 1, .ofs_y = 0},
    {.bitmap_index = 5933, .adv_w = 141, .box_w = 7, .box_h = 8, .ofs_x = 1, .ofs_y = 0},
    {.bitmap_index = 5989, .adv_w = 141, .box_w = 8, .box_h = 11, .ofs_x = 0, .ofs_y = 0},
    {.bitmap_index = 6077, .adv_w = 141, .box_w = 7, .box_h = 8, .ofs_x = 1, .ofs_y = 0},
    {.bitmap_index = 6133, .adv_w = 141, .box_w = 9, .box_h = 8, .ofs_x = 0, .ofs_y = 0},
    {.bitmap_index = 6205, .adv_w = 141, .box_w = 9, .box_h = 8, .ofs_x = 0, .ofs_y = 0},
    {.bitmap_index = 6277, .adv_w = 141, .box_w = 9, .box_h = 8, .ofs_x = 0, .ofs_y = 0},
    {.bitmap_index = 6349, .adv_w = 141, .box_w = 9, .box_h = 11, .ofs_x = 0, .ofs_y = -3},
    {.bitmap_index = 6448, .adv_w = 141, .box_w = 7, .box_h = 8, .ofs_x = 1, .ofs_y = 0},
    {.bitmap_index = 6504, .adv_w = 141, .box_w = 7, .box_h = 14, .ofs_x = 1, .ofs_y = -3},
    {.bitmap_index = 6602, .adv_w = 141, .box_w = 3, .box_h = 16, .ofs_x = 3, .ofs_y = -3},
    {.bitmap_index = 6650, .adv_w = 141, .box_w = 7, .box_h = 14, .ofs_x = 1, .ofs_y = -3},
    {.bitmap_index = 6748, .adv_w = 141, .box_w = 9, .box_h = 5, .ofs_x = 0, .ofs_y = 2},
    {.bitmap_index = 6793, .adv_w = 141, .box_w = 0, .box_h = 0, .ofs_x = 0, .ofs_y = 0},
    {.bitmap_index = 6793, .adv_w = 256, .box_w = 16, .box_h = 13, .ofs_x = 0, .ofs_y = -1},
    {.bitmap_index = 7001, .adv_w = 256, .box_w = 16, .box_h = 16, .ofs_x = 0, .ofs_y = -2},
    {.bitmap_index = 7257, .adv_w = 256, .box_w = 16, .box_h = 15, .ofs_x = 0, .ofs_y = -2},
    {.bitmap_index = 7497, .adv_w = 256, .box_w = 16, .box_h = 17, .ofs_x = 0, .ofs_y = -3},
    {.bitmap_index = 7769, .adv_w = 256, .box_w = 16, .box_h = 16, .ofs_x = 0, .ofs_y = -2},
    {.bitmap_index = 8025, .adv_w = 256, .box_w = 16, .box_h = 16, .ofs_x = 0, .ofs_y = -3},
    {.bitmap_index = 8281, .adv_w = 256, .box_w = 16, .box_h = 15, .ofs_x = 0, .ofs_y = -2},
    {.bitmap_index = 8521, .adv_w = 256, .box_w = 16, .box_h = 16, .ofs_x = 0, .ofs_y = -2},
    {.bitmap_index = 8777, .adv_w = 256, .box_w = 16, .box_h = 17, .ofs_x = 0, .ofs_y = -3},
    {.bitmap_index = 9049, .adv_w = 256, .box_w = 15, .box_h = 17, .ofs_x = 0, .ofs_y = -3},
    {.bitmap_index = 9304, .adv_w = 256, .box_w = 16, .box_h = 17, .ofs_x = 0, .ofs_y = -3},
    {.bitmap_index = 9576, .adv_w = 256, .box_w = 15, .box_h = 17, .ofs_x = 0, .ofs_y = -3},
    {.bitmap_index = 9831, .adv_w = 256, .box_w = 16, .box_h = 17, .ofs_x = 0, .ofs_y = -3},
    {.bitmap_index = 10103, .adv_w = 256, .box_w = 16, .box_h = 16, .ofs_x = 0, .ofs_y = -2},
    {.bitmap_index = 10359, .adv_w = 256, .box_w = 16, .box_h = 16, .ofs_x = 0, .ofs_y = -2},
    {.bitmap_index = 10615, .adv_w = 256, .box_w = 16, .box_h = 16, .ofs_x = 0, .ofs_y = -3},
    {.bitmap_index = 10871, .adv_w = 256, .box_w = 16, .box_h = 16, .ofs_x = 0, .ofs_y = -2},
    {.bitmap_index = 11127, .adv_w = 256, .box_w = 15, .box_h = 16, .ofs_x = 0, .ofs_y = -2},
    {.bitmap_index = 11367, .adv_w = 256, .box_w = 14, .box_h = 16, .ofs_x = 1, .ofs_y = -2},
    {.bitmap_index = 11591, .adv_w = 256, .box_w = 16, .box_h = 16, .ofs_x = 0, .ofs_y = -3},
    {.bitmap_index = 11847, .adv_w = 256, .box_w = 16, .box_h = 16, .ofs_x = 0, .ofs_y = -3},
    {.bitmap_index = 12103, .adv_w = 256, .box_w = 15, .box_h = 15, .ofs_x = 1, .ofs_y = -2},
    {.bitmap_index = 12328, .adv_w = 256, .box_w = 14, .box_h = 15, .ofs_x = 1, .ofs_y = -2},
    {.bitmap_index = 12538, .adv_w = 256, .box_w = 14, .box_h = 15, .ofs_x = 1, .ofs_y = -2},
    {.bitmap_index = 12748, .adv_w = 256, .box_w = 16, .box_h = 17, .ofs_x = 0, .ofs_y = -3},
    {.bitmap_index = 13020, .adv_w = 256, .box_w = 17, .box_h = 16, .ofs_x = -1, .ofs_y = -2},
    {.bitmap_index = 13292, .adv_w = 256, .box_w = 16, .box_h = 16, .ofs_x = 0, .ofs_y = -3},
    {.bitmap_index = 13548, .adv_w = 256, .box_w = 16, .box_h = 16, .ofs_x = 0, .ofs_y = -3},
    {.bitmap_index = 13804, .adv_w = 256, .box_w = 16, .box_h = 16, .ofs_x = 0, .ofs_y = -2},
    {.bitmap_index = 14060, .adv_w = 256, .box_w = 17, .box_h = 16, .ofs_x = 0, .ofs_y = -2},
    {.bitmap_index = 14332, .adv_w = 256, .box_w = 16, .box_h = 16, .ofs_x = 0, .ofs_y = -2},
    {.bitmap_index = 14588, .adv_w = 256, .box_w = 16, .box_h = 17, .ofs_x = 0, .ofs_y = -3},
    {.bitmap_index = 14860, .adv_w = 256, .box_w = 16, .box_h = 16, .ofs_x = 0, .ofs_y = -3},
    {.bitmap_index = 15116, .adv_w = 256, .box_w = 17, .box_h = 16, .ofs_x = 0, .ofs_y = -3},
    {.bitmap_index = 15388, .adv_w = 256, .box_w = 16, .box_h = 15, .ofs_x = 0, .ofs_y = -2},
    {.bitmap_index = 15628, .adv_w = 256, .box_w = 16, .box_h = 17, .ofs_x = 0, .ofs_y = -3},
    {.bitmap_index = 15900, .adv_w = 256, .box_w = 16, .box_h = 16, .ofs_x = 0, .ofs_y = -3},
    {.bitmap_index = 16156, .adv_w = 256, .box_w = 16, .box_h = 17, .ofs_x = 0, .ofs_y = -3},
    {.bitmap_index = 16428, .adv_w = 256, .box_w = 16, .box_h = 17, .ofs_x = 0, .ofs_y = -3},
    {.bitmap_index = 16700, .adv_w = 256, .box_w = 16, .box_h = 17, .ofs_x = 0, .ofs_y = -3},
    {.bitmap_index = 16972, .adv_w = 256, .box_w = 16, .box_h = 17, .ofs_x = 0, .ofs_y = -3},
    {.bitmap_index = 17244, .adv_w = 256, .box_w = 16, .box_h = 16, .ofs_x = 0, .ofs_y = -2},
    {.bitmap_index = 17500, .adv_w = 256, .box_w = 16, .box_h = 17, .ofs_x = 0, .ofs_y = -3},
    {.bitmap_index = 17772, .adv_w = 256, .box_w = 12, .box_h = 15, .ofs_x = 2, .ofs_y = -2},
    {.bitmap_index = 17952, .adv_w = 256, .box_w = 16, .box_h = 17, .ofs_x = 0, .ofs_y = -3},
    {.bitmap_index = 18224, .adv_w = 256, .box_w = 16, .box_h = 16, .ofs_x = -1, .ofs_y = -2},
    {.bitmap_index = 18480, .adv_w = 256, .box_w = 14, .box_h = 16, .ofs_x = 0, .ofs_y = -3},
    {.bitmap_index = 18704, .adv_w = 256, .box_w = 16, .box_h = 16, .ofs_x = 0, .ofs_y = -2},
    {.bitmap_index = 18960, .adv_w = 256, .box_w = 17, .box_h = 17, .ofs_x = -1, .ofs_y = -3},
    {.bitmap_index = 19249, .adv_w = 256, .box_w = 16, .box_h = 17, .ofs_x = 0, .ofs_y = -3},
    {.bitmap_index = 19521, .adv_w = 256, .box_w = 16, .box_h = 17, .ofs_x = 0, .ofs_y = -3},
    {.bitmap_index = 19793, .adv_w = 256, .box_w = 17, .box_h = 16, .ofs_x = 0, .ofs_y = -2},
    {.bitmap_index = 20065, .adv_w = 256, .box_w = 16, .box_h = 17, .ofs_x = 0, .ofs_y = -3},
    {.bitmap_index = 20337, .adv_w = 256, .box_w = 16, .box_h = 17, .ofs_x = -1, .ofs_y = -3},
    {.bitmap_index = 20609, .adv_w = 256, .box_w = 16, .box_h = 17, .ofs_x = 0, .ofs_y = -3},
    {.bitmap_index = 20881, .adv_w = 256, .box_w = 16, .box_h = 16, .ofs_x = 0, .ofs_y = -2},
    {.bitmap_index = 21137, .adv_w = 256, .box_w = 16, .box_h = 14, .ofs_x = 0, .ofs_y = -2},
    {.bitmap_index = 21361, .adv_w = 256, .box_w = 16, .box_h = 15, .ofs_x = 0, .ofs_y = -2},
    {.bitmap_index = 21601, .adv_w = 256, .box_w = 16, .box_h = 16, .ofs_x = 0, .ofs_y = -2},
    {.bitmap_index = 21857, .adv_w = 256, .box_w = 16, .box_h = 16, .ofs_x = 0, .ofs_y = -2},
    {.bitmap_index = 22113, .adv_w = 256, .box_w = 12, .box_h = 15, .ofs_x = 2, .ofs_y = -2},
    {.bitmap_index = 22293, .adv_w = 256, .box_w = 16, .box_h = 17, .ofs_x = 0, .ofs_y = -3},
    {.bitmap_index = 22565, .adv_w = 256, .box_w = 16, .box_h = 16, .ofs_x = 0, .ofs_y = -3},
    {.bitmap_index = 22821, .adv_w = 256, .box_w = 16, .box_h = 16, .ofs_x = 0, .ofs_y = -2},
    {.bitmap_index = 23077, .adv_w = 256, .box_w = 16, .box_h = 17, .ofs_x = 0, .ofs_y = -3},
    {.bitmap_index = 23349, .adv_w = 256, .box_w = 16, .box_h = 16, .ofs_x = 0, .ofs_y = -2},
    {.bitmap_index = 23605, .adv_w = 256, .box_w = 16, .box_h = 16, .ofs_x = 0, .ofs_y = -2},
    {.bitmap_index = 23861, .adv_w = 256, .box_w = 16, .box_h = 16, .ofs_x = 0, .ofs_y = -2},
    {.bitmap_index = 24117, .adv_w = 256, .box_w = 16, .box_h = 17, .ofs_x = 0, .ofs_y = -3},
    {.bitmap_index = 24389, .adv_w = 256, .box_w = 17, .box_h = 17, .ofs_x = -1, .ofs_y = -3},
    {.bitmap_index = 24678, .adv_w = 256, .box_w = 16, .box_h = 16, .ofs_x = 0, .ofs_y = -3},
    {.bitmap_index = 24934, .adv_w = 256, .box_w = 16, .box_h = 15, .ofs_x = 0, .ofs_y = -2},
    {.bitmap_index = 25174, .adv_w = 256, .box_w = 16, .box_h = 17, .ofs_x = 0, .ofs_y = -3},
    {.bitmap_index = 25446, .adv_w = 256, .box_w = 16, .box_h = 16, .ofs_x = 0, .ofs_y = -3},
    {.bitmap_index = 25702, .adv_w = 256, .box_w = 16, .box_h = 16, .ofs_x = 0, .ofs_y = -3},
    {.bitmap_index = 25958, .adv_w = 256, .box_w = 16, .box_h = 16, .ofs_x = 0, .ofs_y = -2},
    {.bitmap_index = 26214, .adv_w = 256, .box_w = 15, .box_h = 17, .ofs_x = 1, .ofs_y = -3},
    {.bitmap_index = 26469, .adv_w = 256, .box_w = 16, .box_h = 16, .ofs_x = 0, .ofs_y = -3},
    {.bitmap_index = 26725, .adv_w = 256, .box_w = 16, .box_h = 16, .ofs_x = 0, .ofs_y = -3}
};

/*---------------------
 *  CHARACTER MAPPING
 *--------------------*/

static const uint16_t unicode_list_1[] = {
    0x0, 0x1, 0x2, 0x5, 0x32, 0x85, 0x8b, 0x153,
    0x36a, 0x412, 0x427, 0x42d, 0x49f, 0x50d, 0x54c, 0x5e6,
    0x5ea, 0x604, 0x608, 0x62b, 0x64f, 0x8d2, 0x8d5, 0x8f5,
    0xa7a, 0xafe, 0xb06, 0xe46, 0xfdd, 0x104c, 0x106b, 0x10f1,
    0x10f7, 0x1117, 0x11f8, 0x1407, 0x148f, 0x1500, 0x1565, 0x159e,
    0x1767, 0x177e, 0x17b0, 0x17dc, 0x17ed, 0x1871, 0x18ff, 0x193d,
    0x1945, 0x195f, 0x1976, 0x1ab7, 0x1e2b, 0x1f42, 0x1f60, 0x232d,
    0x2582, 0x25a6, 0x2716, 0x28c8, 0x28e5, 0x2be7, 0x2ef2, 0x30b6,
    0x30d6, 0x31fc, 0x32f4, 0x35d3, 0x361e, 0x3bbd, 0x3db5, 0x3f1f,
    0x4163, 0x41cb, 0x425c, 0x46a5, 0x47eb, 0x4959, 0x4a70
};

/*Collect the unicode lists and glyph_id offsets*/
static const lv_font_fmt_txt_cmap_t cmaps[] =
{
    {
        .range_start = 32, .range_length = 96, .glyph_id_start = 1,
        .unicode_list = NULL, .glyph_id_ofs_list = NULL, .list_length = 0, .type = LV_FONT_FMT_TXT_CMAP_FORMAT0_TINY
    },
    {
        .range_start = 19977, .range_length = 19057, .glyph_id_start = 97,
        .unicode_list = unicode_list_1, .glyph_id_ofs_list = NULL, .list_length = 79, .type = LV_FONT_FMT_TXT_CMAP_SPARSE_TINY
    }
};

/*-----------------
 *    KERNING
 *----------------*/


/*Pair left and right glyphs for kerning*/
static const uint8_t kern_pair_glyph_ids[] =
{
    3, 83,
    3, 84,
    8, 83,
    8, 84,
    9, 75,
    11, 34,
    11, 43,
    11, 68,
    11, 69,
    11, 70,
    11, 72,
    11, 80,
    11, 82,
    34, 11,
    34, 13,
    34, 28,
    34, 36,
    34, 40,
    34, 43,
    34, 48,
    34, 53,
    34, 54,
    34, 55,
    34, 56,
    34, 58,
    34, 59,
    34, 85,
    34, 87,
    34, 88,
    34, 90,
    35, 53,
    35, 58,
    36, 32,
    36, 36,
    36, 40,
    36, 48,
    36, 50,
    37, 13,
    37, 15,
    37, 34,
    37, 53,
    37, 57,
    37, 59,
    38, 34,
    38, 43,
    38, 53,
    38, 56,
    38, 57,
    39, 13,
    39, 15,
    39, 34,
    39, 43,
    39, 52,
    39, 53,
    39, 66,
    39, 71,
    40, 53,
    40, 55,
    40, 90,
    43, 13,
    43, 15,
    43, 34,
    43, 43,
    43, 66,
    44, 13,
    44, 28,
    44, 36,
    44, 40,
    44, 43,
    44, 48,
    44, 50,
    44, 57,
    44, 59,
    44, 68,
    44, 69,
    44, 70,
    44, 72,
    44, 80,
    44, 82,
    44, 85,
    44, 87,
    44, 88,
    44, 90,
    45, 11,
    45, 32,
    45, 34,
    45, 36,
    45, 40,
    45, 43,
    45, 48,
    45, 50,
    45, 53,
    45, 54,
    45, 55,
    45, 56,
    45, 58,
    45, 59,
    45, 85,
    45, 87,
    45, 88,
    45, 90,
    48, 13,
    48, 15,
    48, 34,
    48, 43,
    48, 53,
    48, 57,
    48, 58,
    48, 59,
    49, 13,
    49, 15,
    49, 34,
    49, 40,
    49, 43,
    49, 56,
    49, 57,
    49, 66,
    49, 68,
    49, 69,
    49, 70,
    49, 72,
    49, 80,
    49, 82,
    50, 13,
    50, 15,
    50, 34,
    50, 53,
    50, 57,
    50, 58,
    50, 59,
    51, 28,
    51, 36,
    51, 40,
    51, 43,
    51, 48,
    51, 50,
    51, 53,
    51, 58,
    51, 68,
    51, 69,
    51, 70,
    51, 72,
    51, 80,
    51, 82,
    52, 85,
    52, 87,
    52, 88,
    52, 90,
    53, 13,
    53, 15,
    53, 27,
    53, 28,
    53, 34,
    53, 36,
    53, 40,
    53, 43,
    53, 48,
    53, 50,
    53, 53,
    53, 55,
    53, 56,
    53, 57,
    53, 58,
    53, 66,
    53, 68,
    53, 69,
    53, 70,
    53, 71,
    53, 72,
    53, 78,
    53, 79,
    53, 80,
    53, 81,
    53, 82,
    53, 83,
    53, 84,
    53, 86,
    53, 87,
    53, 88,
    53, 89,
    53, 90,
    53, 91,
    54, 34,
    55, 13,
    55, 15,
    55, 34,
    55, 36,
    55, 40,
    55, 43,
    55, 48,
    55, 50,
    55, 52,
    55, 53,
    55, 66,
    55, 68,
    55, 69,
    55, 70,
    55, 72,
    55, 78,
    55, 79,
    55, 80,
    55, 81,
    55, 82,
    55, 83,
    55, 84,
    55, 86,
    56, 13,
    56, 15,
    56, 34,
    56, 53,
    56, 66,
    56, 68,
    56, 69,
    56, 70,
    56, 72,
    56, 80,
    56, 82,
    57, 13,
    57, 15,
    57, 28,
    57, 36,
    57, 40,
    57, 43,
    57, 48,
    57, 50,
    57, 53,
    58, 13,
    58, 15,
    58, 34,
    58, 36,
    58, 40,
    58, 43,
    58, 48,
    58, 50,
    58, 52,
    58, 53,
    58, 66,
    58, 68,
    58, 69,
    58, 70,
    58, 71,
    58, 72,
    58, 78,
    58, 79,
    58, 80,
    58, 81,
    58, 82,
    58, 83,
    58, 84,
    58, 86,
    59, 43,
    59, 53,
    59, 90,
    60, 75,
    67, 66,
    67, 71,
    67, 89,
    68, 43,
    68, 53,
    68, 58,
    70, 3,
    70, 8,
    71, 10,
    71, 13,
    71, 14,
    71, 15,
    71, 27,
    71, 28,
    71, 32,
    71, 62,
    71, 67,
    71, 73,
    71, 85,
    71, 87,
    71, 88,
    71, 89,
    71, 90,
    71, 94,
    72, 75,
    75, 75,
    76, 13,
    76, 14,
    76, 15,
    76, 27,
    76, 28,
    76, 68,
    76, 69,
    76, 70,
    76, 72,
    76, 80,
    76, 82,
    76, 85,
    79, 3,
    79, 8,
    80, 3,
    80, 8,
    80, 66,
    80, 71,
    80, 89,
    81, 66,
    81, 71,
    81, 89,
    82, 75,
    83, 13,
    83, 14,
    83, 15,
    83, 27,
    83, 28,
    83, 68,
    83, 69,
    83, 70,
    83, 71,
    83, 72,
    83, 78,
    83, 79,
    83, 80,
    83, 82,
    83, 84,
    83, 85,
    83, 87,
    83, 88,
    83, 89,
    83, 90,
    83, 91,
    85, 14,
    85, 32,
    85, 68,
    85, 69,
    85, 70,
    85, 72,
    85, 80,
    85, 82,
    85, 89,
    86, 3,
    86, 8,
    87, 13,
    87, 15,
    87, 66,
    87, 68,
    87, 69,
    87, 70,
    87, 72,
    87, 80,
    87, 82,
    88, 13,
    88, 15,
    88, 68,
    88, 69,
    88, 70,
    88, 72,
    88, 80,
    88, 82,
    89, 68,
    89, 69,
    89, 70,
    89, 72,
    89, 80,
    89, 82,
    90, 3,
    90, 8,
    90, 13,
    90, 15,
    90, 32,
    90, 68,
    90, 69,
    90, 70,
    90, 71,
    90, 72,
    90, 80,
    90, 82,
    90, 85,
    92, 75
};

/* Kerning between the respective left and right glyphs
 * 4.4 format which needs to scaled with `kern_scale`*/
static const int8_t kern_pair_values[] =
{
    -7, -9, -7, -9, 32, -22, -21, -14,
    -14, -14, -14, -14, -14, -17, 9, 9,
    -4, -4, 13, -4, -20, -4, -16, -10,
    -21, 8, -4, -6, -4, -5, -12, -9,
    0, -7, -7, -4, -7, -17, -17, -4,
    -12, -7, -7, 1, 9, 1, 4, 1,
    -21, -21, -18, -9, -4, 2, -10, 1,
    -7, -4, -4, -14, -14, -5, -9, -4,
    5, 5, -12, -12, 12, -12, -12, 5,
    5, -4, -4, -4, -4, -4, -4, -6,
    -10, -7, -12, -28, -14, 8, -9, -9,
    14, -9, -9, -15, -4, -16, -7, -17,
    8, -4, -14, -9, -10, -12, -12, -4,
    -1, -12, -5, -3, -7, -44, -44, -21,
    -1, -17, 5, -8, -9, -10, -10, -10,
    -10, -10, -10, -12, -17, -4, -12, -5,
    -1, -7, 11, -4, -4, 8, -3, -3,
    -7, -5, -7, -7, -8, -8, -8, -7,
    -9, -7, -4, -6, -17, -24, -3, -3,
    -21, -12, -12, -15, -12, -12, 5, 6,
    5, -1, 4, -29, -28, -28, -28, -13,
    -28, -24, -24, -28, -24, -28, -24, -21,
    -24, -14, -15, -24, -15, -17, -5, -28,
    -31, -16, -6, -6, -9, -2, -6, -4,
    5, -20, -17, -17, -17, -17, -10, -10,
    -17, -10, -17, -10, -9, -10, -16, -17,
    -10, 5, -10, -7, -7, -7, -7, -7,
    -7, 9, 8, 11, -3, -3, 13, -3,
    -3, 5, -24, -26, -21, -6, -6, -9,
    -6, -6, -4, 5, -27, -24, -24, -24,
    -4, -24, -19, -19, -24, -19, -24, -19,
    -18, -19, 11, 5, -7, 32, -4, -1,
    -3, 10, -14, -10, -14, -14, 19, -17,
    -14, -17, 11, 11, 9, 19, 2, 2,
    5, 5, 5, 2, 5, 11, 6, 5,
    11, -19, 11, 11, 11, -5, -4, -5,
    -5, -5, -4, -2, -14, -14, -20, -20,
    -4, -5, -3, -4, -5, -3, 14, -21,
    -17, -23, 11, 11, -4, -4, -4, 5,
    -4, 0, 0, -4, -4, 2, 8, 11,
    11, 8, 11, 5, -15, -7, -4, -4,
    -2, -2, -2, -2, 4, -9, -9, -16,
    -17, -5, -2, -2, -2, -2, -2, -2,
    -12, -14, -1, -1, -1, -1, -1, -1,
    -2, -2, -2, -2, -2, -2, 4, 4,
    -14, -17, -10, -1, -1, -1, 1, -1,
    -1, -1, 1, 27
};

/*Collect the kern pair's data in one place*/
static const lv_font_fmt_txt_kern_pair_t kern_pairs =
{
    .glyph_ids = kern_pair_glyph_ids,
    .values = kern_pair_values,
    .pair_cnt = 372,
    .glyph_ids_size = 0
};

/*--------------------
 *  ALL CUSTOM DATA
 *--------------------*/

#if LVGL_VERSION_MAJOR == 8
/*Store all the custom data of the font*/
static  lv_font_fmt_txt_glyph_cache_t cache;
#endif

#if LVGL_VERSION_MAJOR >= 8
static const lv_font_fmt_txt_dsc_t font_dsc = {
#else
static lv_font_fmt_txt_dsc_t font_dsc = {
#endif
    .glyph_bitmap = glyph_bitmap,
    .glyph_dsc = glyph_dsc,
    .cmaps = cmaps,
    .kern_dsc = &kern_pairs,
    .kern_scale = 16,
    .cmap_num = 2,
    .bpp = 8,
    .kern_classes = 0,
    .bitmap_format = 0,
#if LVGL_VERSION_MAJOR == 8
    .cache = &cache
#endif

};



/*-----------------
 *  PUBLIC FONT
 *----------------*/

/*Initialize a public general font descriptor*/
#if LVGL_VERSION_MAJOR >= 8
const lv_font_t lv_font_weiruan_16 = {
#else
lv_font_t lv_font_weiruan_16 = {
#endif
    .get_glyph_dsc = lv_font_get_glyph_dsc_fmt_txt,    /*Function pointer to get glyph's data*/
    .get_glyph_bitmap = lv_font_get_bitmap_fmt_txt,    /*Function pointer to get glyph's bitmap*/
    .line_height = 18,          /*The maximum line height required by the font*/
    .base_line = 4,             /*Baseline measured from the bottom of the line*/
#if !(LVGL_VERSION_MAJOR == 6 && LVGL_VERSION_MINOR == 0)
    .subpx = LV_FONT_SUBPX_NONE,
#endif
#if LV_VERSION_CHECK(7, 4, 0) || LVGL_VERSION_MAJOR >= 8
    .underline_position = -1,
    .underline_thickness = 1,
#endif
    .static_bitmap = 0,
    .dsc = &font_dsc,          /*The custom font data. Will be accessed by `get_glyph_bitmap/dsc` */
#if LV_VERSION_CHECK(8, 2, 0) || LVGL_VERSION_MAJOR >= 9
    .fallback = NULL,
#endif
    .user_data = NULL,
};



#endif /*#if LV_FONT_WEIRUAN_16*/
